STORE FULL NAME,SSS,SOS (Lunch),SOS (Snack),SOS (Dinner),SOS (Late),SOS (Overall),AQT Variance,Bone in Guide Accuracy (Overall),Adoption of Cooks,Make Ahead Rate,Orders,Pre Bump Rate,Percent Orders between 7-10 Mins,Waste,data_date
1096-FL-Tamarac-N. University Drive,0.133269048008605,19:36,18:40,34:46,20:20,25:49,22:41,0.731528733081873,0.906040268456376,0,411,0,0.0340632603406326,,2026-05-22
1167-FL-Pembroke Pines-Pines Blvd,-0.272753715348925,26:24,24:45,33:03,18:58,27:16,26:43,0.962464300285598,0.966292134831461,0.0837823275862069,244,0,0.040983606557377,0.0584590517241379,2026-05-22
1252-FL-Fort Lauderdale-W. Broward Blvd.,-0.0029243703735334,08:47,08:11,10:52,08:36,09:14,11:29,0.858690176322418,0.995708154506438,0,432,0.00231481481481481,0.24537037037037,,2026-05-22
1677-FL-Palmetto Bay- SW 160th St.,-0.178597789117455,07:22,08:40,07:35,12:19,09:19,09:59,1.13656387665198,0.966942148760331,0.0102040816326531,184,0.00543478260869565,0.369565217391304,0.0170068027210884,2026-05-22
1726-FL-Fort Lauderdale-E. Commercial Blvd,-0.11342724197621,07:11,08:44,16:07,11:07,12:13,11:52,0.738338516215016,0.986254295532646,0.0668916845658177,224,0,0.111607142857143,,2026-05-22
1771-FL-Miami-SW 152nd St,-0.243512205999527,09:56,08:07,08:02,09:50,08:49,09:26,0.784873949579832,0.996587030716723,0.0456580125335721,229,0,0.22707423580786,,2026-05-22
183-FL-Margate-Atlantic,0.064253567850006,08:55,08:32,19:50,13:29,14:42,13:37,0.785910338517841,1,0.00407030527289547,398,0.0150753768844221,0.14070351758794,,2026-05-22
1841-FL-Ft Lauderdale-S Federal Hwy,-0.134921215551215,09:19,10:34,08:05,08:43,08:50,09:29,0.881487535758071,1,0.016087331226659,264,0.00378787878787879,0.284090909090909,,2026-05-22
1847-FL-Pompano Beach-N. Federal Hwy,0.0243917545509316,09:13,08:23,15:22,17:26,14:10,13:16,0.904355251921435,0.954545454545455,0.0119699042407661,271,0.00738007380073801,0.239852398523985,0.00718194254445964,2026-05-22
1848-FL-Miami-SW 107th Ave,-0.145321555732267,08:07,08:22,08:38,10:47,09:23,10:01,1.05440900562852,1,0,126,0,0.373015873015873,0.144101876675603,2026-05-22
1864-FL-Hialeah Gardens-W 33rd Ave,-0.164568881069951,09:41,08:32,08:41,09:26,09:02,10:07,1.16078431372549,0.992,0.0830073880921339,182,0,0.368131868131868,0.036071273359409,2026-05-22
1891-FL-Miami-SW 137th Ave,-0.124243187869093,09:55,12:19,11:03,10:14,11:02,10:57,0.818657367044464,0.99618320610687,0.0698045472676506,165,0.00606060606060606,0.254545454545455,0.0279218189070602,2026-05-22
1954-FL-Miami-N Kendall Dr,-0.0549149946851628,08:50,08:41,09:36,09:23,09:13,10:50,0.892976588628763,0.996240601503759,0.0810697868783953,197,0,0.3248730964467,0.0100292519849561,2026-05-22
1972-FL-Miami-Bird Ludlam,-0.0900531593016071,11:07,09:31,10:02,09:36,10:00,10:25,0.906177156177156,0.996478873239437,0.0063653723742839,252,0.00396825396825397,0.194444444444444,0.0140038192234246,2026-05-22
2013-FL-Palm Springs-S Congress Ave,-0.0370005478290067,14:02,16:32,13:21,13:09,14:11,12:46,1.03958177744586,1,0,202,0,0.123762376237624,,2026-05-22
2042-FL-Miami-W Flagler St,-0.236404157247517,12:19,10:41,11:20,11:11,11:17,11:10,0.897376093294461,0.984939759036145,0.0666485310119695,237,0,0.240506329113924,0.0171381936887922,2026-05-22
2048-FL-Coral Springs-Wiles Rd,-0.120341523784624,07:37,09:22,12:05,09:42,10:17,10:58,0.83618455158113,0.987714987714988,0.0959834056194607,382,0.00523560209424084,0.243455497382199,,2026-05-22
205-FL-Lauderhill-Oakland Park,0.176580840343653,12:34,09:54,08:14,09:03,09:26,10:26,0.894376899696049,0.975308641975309,0.0505223987405181,556,0.00359712230215827,0.226618705035971,,2026-05-22
2118-FL-Naranja-S. Dixie Hwy,-0.145211996084481,09:26,08:41,11:07,08:34,09:45,10:51,0.95131845841785,0.997530864197531,0.00203873598369011,440,0.00227272727272727,0.170454545454545,0.110771321780496,2026-05-22
2290-FL-Pembroke Pines-N. Flamingo Rd,-0.0535046467460341,09:46,09:58,11:40,11:17,11:02,12:56,0.926609848484849,0.985239852398524,0.0456521739130435,229,0.00436681222707424,0.174672489082969,0.0437888198757764,2026-05-22
2497-FL-Royal Palm Beach,-0.240549571906397,08:06,06:15,16:59,12:13,12:32,12:38,1.04802744425386,1,0.00141995030173944,189,0,0.158730158730159,,2026-05-22
2602-FL-Doral-NW 58th St.,-0.059701655886441,10:50,08:59,08:05,15:11,11:22,10:56,0.77498467198038,1,0,214,0,0.238317757009346,0.00586319218241042,2026-05-22
2627-FL-Hialeah-Hialeah Dr.,-0.0440791348261676,11:34,09:45,10:58,12:59,11:32,11:17,0.944052419354839,0.99746835443038,0,282,0.00354609929078014,0.166666666666667,0.00855809128630705,2026-05-22
2696-FL-West Palm Beach-Okeechobee Blvd,0.0743519390638438,10:09,06:23,13:14,24:04,15:25,13:35,0.760240963855422,0.989690721649485,0.177035490605428,207,0.00966183574879227,0.115942028985507,,2026-05-22
2766-FL-Miami-Bird Rd.,0.125607367509134,08:35,08:09,08:48,09:14,08:43,09:01,1.48538011695906,1,0.000696378830083565,111,0.00900900900900901,0.612612612612613,0.00974930362116992,2026-05-22
2885-FL-Lantana-W. Lantana Rd,-0.0788948267815724,09:17,09:34,14:17,12:26,12:26,12:14,1.02352941176471,0.952941176470588,0.0177398160315375,120,0.025,0.141666666666667,,2026-05-22
2890-FL-Miami-NW 199th St.,-,14:19,12:39,13:23,17:19,14:25,13:12,0.739445114595899,1,0,274,0.00364963503649635,0.116788321167883,,2026-05-22
2893-FL-Miami-NE Miami Ct. - GK,0.0964978407428017,09:16,10:25,28:32,23:56,20:43,21:19,0.997960848287113,1,0.000218007412252017,276,0.0144927536231884,0.108695652173913,,2026-05-22
2974-FL-Delray Beach-Linton Blvd,0.0142944189930264,09:59,08:45,10:26,12:20,10:47,10:19,0.841666666666667,0.977443609022556,0.0112533954210322,218,0,0.243119266055046,,2026-05-22
2976-FL-Weston-Indian Trace,-,15:52,14:32,15:17,14:28,15:07,14:22,0.486163051608078,0.959390862944162,0.000409668168783286,175,0,0.08,,2026-05-22
3013-FL-Miami-Quail Roost Dr,-,09:59,09:50,12:23,09:21,10:52,10:52,0.908443540183113,0.996732026143791,0.110502577319588,255,0.00392156862745098,0.219607843137255,,2026-05-22
3200-FL-Jupiter-E Indiantown Rd,-,10:11,09:01,12:13,13:36,11:23,11:14,0.81433607520564,0.995169082125604,0.0591922005571031,131,0.00763358778625954,0.32824427480916,0.0299442896935933,2026-05-22
3317-FL-Boca Raton-Glades Road,-,10:26,10:57,14:22,13:25,12:46,11:56,0.820620284995809,0.912663755458515,0.130296127562642,138,0.0072463768115942,0.115942028985507,0.0082004555808656,2026-05-22
346-FL-Miami-Old Cutler Rd,-0.071280164432677,12:26,12:08,12:40,09:14,11:58,11:35,0.711111111111111,0.996428571428571,0.115361803084223,226,0.00442477876106195,0.128318584070796,0.0106761565836299,2026-05-22
4032-FL-Miami-NW 7th St.,-,10:17,10:41,15:10,16:40,14:23,12:47,0.81516375056079,1,0.000232828870779977,254,0,0.18503937007874,,2026-05-22
420-FL-Deerfield Beach,-0.102690733103018,14:38,11:07,09:53,08:46,10:43,11:18,0.78602243313201,0.990566037735849,0.0441441441441441,248,0.00806451612903226,0.221774193548387,,2026-05-22
79-FL-Plantation,-0.0421525237486874,08:59,08:45,09:44,17:46,12:36,13:23,0.986351706036745,0.968503937007874,0.0830168204015193,389,0,0.154241645244216,,2026-05-22
871-FL-Florida City-Dixie Hwy,-0.0750792604540517,09:15,10:22,12:00,10:38,10:53,10:50,1.0712227254014,0.997191011235955,0.0242914979757085,286,0,0.230769230769231,,2026-05-22
883-FL-Hallandale Beach-W Hallandale Beach Blvd,-0.040307629658471,07:52,07:56,10:56,13:52,11:07,10:41,1.0132552404439,1,0.000213857998289136,355,0.0225352112676056,0.191549295774648,,2026-05-22
1096-FL-Tamarac-N. University Drive,0.370972395492578,14:46,12:46,15:38,15:53,15:14,15:08,0.846691054206851,0.972868217054264,0.0948432236330656,311,0.0032154340836012,0.0964630225080386,,2026-05-20
1167-FL-Pembroke Pines-Pines Blvd,-0.0999465776617156,10:32,11:33,39:44,22:05,25:11,24:59,0.841880341880342,0.99645390070922,0.0102009273570325,237,0.0126582278481013,0.10126582278481,0.0321483771251932,2026-05-20
1252-FL-Fort Lauderdale-W. Broward Blvd.,-0.0234763559557874,05:47,07:48,06:51,06:47,06:46,08:13,0.902373788030759,0.932126696832579,0.0494547299010905,356,0.0084269662921348,0.196629213483146,,2026-05-20
1677-FL-Palmetto Bay- SW 160th St.,-0.0935855164002466,07:59,08:19,08:26,08:16,08:17,09:19,0.765212046711739,0.995238095238095,0.0091449474165523,169,0.0059171597633136,0.431952662721893,,2026-05-20
1726-FL-Fort Lauderdale-E. Commercial Blvd,0.111782888625516,07:12,05:52,09:41,09:41,08:31,09:56,0.928975487115022,1.0,0.0358248562582928,188,0.0159574468085106,0.234042553191489,,2026-05-20
1771-FL-Miami-SW 152nd St,-0.279887764305041,08:08,08:52,04:47,04:40,06:12,08:00,1.31469298245614,1.0,0.0369349503858875,135,0.0,0.2,0.0027563395810363,2026-05-20
183-FL-Margate-Atlantic,-0.634881888005003,08:50,15:16,01:57,,12:11,10:41,2.63192904656319,1.0,0.0,109,0.0,0.220183486238532,,2026-05-20
1841-FL-Ft Lauderdale-S Federal Hwy,-0.111112141661998,10:38,09:07,05:17,04:41,06:40,08:21,1.03187250996016,0.984276729559748,0.101358411703239,227,0.0,0.154185022026432,,2026-05-20
1847-FL-Pompano Beach-N. Federal Hwy,0.00915355811173476,09:18,07:22,11:17,10:35,10:19,10:44,0.88009828009828,0.874015748031496,0.0052020808323329,237,0.0253164556962025,0.320675105485232,,2026-05-20
1848-FL-Miami-SW 107th Ave,-0.104737765402888,07:42,07:08,10:17,09:52,08:50,09:54,1.13154172560113,1.0,0.0005753739930955,123,0.0,0.317073170731707,0.0949367088607595,2026-05-20
1864-FL-Hialeah Gardens-W 33rd Ave,-0.00405243790248388,10:11,09:16,07:18,08:19,08:31,09:29,0.834431630971993,0.992647058823529,0.0402742073693231,196,0.0,0.285714285714286,0.0137103684661525,2026-05-20
1891-FL-Miami-SW 137th Ave,-0.124243187869093,09:55,12:19,11:03,10:14,11:02,10:57,0.818657367044464,0.99618320610687,0.0698045472676506,165,0.006060606060606,0.254545454545455,0.0279218189070602,2026-05-20
1954-FL-Miami-N Kendall Dr,-0.0549149946851628,08:50,08:41,09:36,09:23,09:13,10:50,0.892976588628763,0.996240601503759,0.0810697868783953,197,0.0,0.3248730964467,0.0100292519849561,2026-05-20
1972-FL-Miami-Bird Ludlam,-0.0900531593016071,11:07,09:31,10:02,09:36,10:00,10:25,0.906177156177156,0.996478873239437,0.0063653723742839,252,0.0039682539682539,0.194444444444444,0.0140038192234246,2026-05-20
2013-FL-Palm Springs-S Congress Ave,-0.127323899098253,11:19,11:27,10:34,13:26,11:41,11:21,0.995948136142626,1.0,0.0,179,0.0,0.223463687150838,,2026-05-20
2042-FL-Miami-W Flagler St,-0.295446455520978,09:45,10:14,07:07,05:46,07:41,08:31,1.03809523809524,0.995762711864407,0.0679751077070369,170,0.0,0.294117647058824,0.0196266156055529,2026-05-20
2048-FL-Coral Springs-Wiles Rd,0.234280108195276,09:04,09:55,10:08,10:09,09:59,10:41,0.807800562927222,0.99112426035503,0.0354298269706125,279,0.0,0.308243727598566,,2026-05-20
205-FL-Lauderhill-Oakland Park,0.033552596331859,07:10,08:03,09:15,08:11,08:24,09:40,0.842438638163104,0.99616122840691,0.203729418766118,407,0.0073710073710073,0.312039312039312,,2026-05-20
2118-FL-Naranja-S. Dixie Hwy,-0.0697239631351208,07:27,06:52,09:46,07:39,08:17,09:37,1.28780487804878,1.0,0.0036496350364963,266,0.0,0.236842105263158,0.0200729927007299,2026-05-20
2290-FL-Pembroke Pines-N. Flamingo Rd,0.143817182691906,09:28,10:04,09:08,09:22,09:23,10:50,0.802127659574468,0.995073891625616,0.0495829471733086,169,0.0,0.260355029585799,0.0296570898980538,2026-05-20
2497-FL-Royal Palm Beach,0.356843199445614,05:59,08:22,08:58,07:58,08:14,10:49,0.715122470713525,1.0,0.0308529945553539,207,0.0096618357487922,0.217391304347826,0.017059891107078,2026-05-20
2602-FL-Doral-NW 58th St.,-0.017630513823146,11:38,10:23,08:16,08:38,09:32,09:52,0.84297520661157,1.0,0.0066634935744883,138,0.0072463768115942,0.195652173913043,,2026-05-20
2627-FL-Hialeah-Hialeah Dr.,0.0619493211993235,12:47,12:01,10:20,08:31,10:26,10:42,0.847591660675773,1.0,0.0,200,0.0,0.2,0.0048563334682314,2026-05-20
2696-FL-West Palm Beach-Okeechobee Blvd,0.0743519390638438,10:09,06:23,13:14,24:04,15:25,13:35,0.760240963855422,0.989690721649485,0.177035490605428,207,0.0096618357487922,0.115942028985507,,2026-05-20
2766-FL-Miami-Bird Rd.,-0.0508273875394532,07:59,08:11,08:22,07:47,08:10,08:52,0.794498381877023,0.993939393939394,0.0188235294117647,102,0.0,0.715686274509804,0.0117647058823529,2026-05-20
2885-FL-Lantana-W. Lantana Rd,0.256889793918608,09:43,09:03,07:18,08:52,08:22,09:41,0.850594227504245,0.871681415929204,0.0299366724237191,147,0.0,0.292517006802721,0.0005757052389176,2026-05-20
2890-FL-Miami-NW 199th St.,-,13:04,13:26,11:12,17:49,13:53,12:38,0.749780509218613,0.988636363636364,0.0152928011935845,269,0.0074349442379182,0.156133828996283,,2026-05-20
2893-FL-Miami-NE Miami Ct. - GK,0.224895721606483,08:12,09:08,06:10,09:17,07:55,09:14,0.773038441284887,1.0,0.013899049012436,211,0.0,0.161137440758294,,2026-05-20
2974-FL-Delray Beach-Linton Blvd,-0.216739650474336,10:14,10:20,10:39,10:47,10:35,10:50,1.01118760757315,0.979695431472081,0.0197969543147208,163,0.0,0.312883435582822,0.0116751269035533,2026-05-20
2976-FL-Weston-Indian Trace,-,17:00,15:19,12:32,12:19,13:52,12:31,0.490111779879622,0.967914438502674,0.0336374002280502,132,0.0,0.181818181818182,0.0347776510832383,2026-05-20
3013-FL-Miami-Quail Roost Dr,-,10:30,12:59,09:35,09:58,10:43,10:38,0.765925925925926,1.0,0.0526552655265527,171,0.0,0.210526315789474,,2026-05-20
3200-FL-Jupiter-E Indiantown Rd,-,10:11,09:01,12:13,13:36,11:23,11:14,0.81433607520564,0.995169082125604,0.0591922005571031,131,0.0076335877862595,0.32824427480916,0.0299442896935933,2026-05-20
3317-FL-Boca Raton-Glades Road,-,09:04,09:21,08:47,09:11,09:04,10:05,0.9245960502693,0.964601769911504,0.0776986951364176,143,0.0,0.356643356643357,,2026-05-20
346-FL-Miami-Old Cutler Rd,-0.24075229004233,10:01,08:23,09:29,08:58,09:17,09:57,0.877009084556254,1.0,0.0813308687615527,182,0.010989010989011,0.236263736263736,0.0046210720887245,2026-05-20
4032-FL-Miami-NW 7th St.,-,09:21,07:46,11:00,10:44,10:05,10:01,0.961845607808341,1.0,0.0,176,0.0113636363636364,0.301136363636364,,2026-05-20
420-FL-Deerfield Beach,-0.0781131764123478,08:03,09:12,08:49,10:22,09:10,09:48,0.858823529411765,0.984313725490196,0.0989648033126294,177,0.0056497175141242,0.225988700564972,,2026-05-20
79-FL-Plantation,-0.061002161635346,08:29,08:53,08:55,08:07,08:38,09:38,0.923165578179024,0.971153846153846,0.270962047661077,290,0.0,0.237931034482759,0.0264783759929391,2026-05-20
871-FL-Florida City-Dixie Hwy,-0.114682861427746,09:31,09:13,09:17,09:02,09:16,10:48,0.882992060175512,0.997549019607843,0.0,301,0.0,0.239202657807309,,2026-05-20
883-FL-Hallandale Beach-W Hallandale Beach Blvd,-0.298660859358706,06:59,06:47,08:01,07:59,07:34,08:55,1.12912912912913,0.996587030716723,0.0059288537549407,218,0.0045871559633027,0.371559633027523,,2026-05-20
1096-FL-Tamarac-N. University Drive,-0.0337859856652505,11:43,11:34,13:04,14:43,12:57,11:52,0.84337899543379,0.978723404255319,0.0593685655456417,240,0.0,0.166666666666667,0.001372683596431,2026-05-19
1167-FL-Pembroke Pines-Pines Blvd,-0.0731760790266575,17:25,10:49,11:50,13:45,13:08,13:29,0.857981220657277,0.98576512455516,0.0047741461623209,201,0.0049751243781094,0.189054726368159,0.0198310686742563,2026-05-19
1252-FL-Fort Lauderdale-W. Broward Blvd.,-0.142282091965901,06:16,06:48,05:10,06:20,05:58,07:37,0.913160250671441,0.997542997542998,0.0013020833333333,297,0.0101010101010101,0.178451178451178,,2026-05-19
1677-FL-Palmetto Bay- SW 160th St.,-0.259367548684031,08:10,08:33,07:10,07:51,07:51,09:14,1.02125603864734,1.0,0.0057372346528973,154,0.0,0.525974025974026,,2026-05-19
1726-FL-Fort Lauderdale-E. Commercial Blvd,-0.333205594535885,06:52,08:33,06:55,08:04,07:32,08:35,1.0046511627907,0.995215311004785,0.0260303687635575,164,0.0,0.292682926829268,,2026-05-19
1771-FL-Miami-SW 152nd St,-0.0928024055075739,09:49,09:00,06:34,06:15,07:35,08:47,0.883742052679382,1.0,0.0616979269496545,145,0.0,0.262068965517241,0.0014807502467917,2026-05-19
183-FL-Margate-Atlantic,0.0207725834115874,10:08,11:50,11:13,12:23,11:23,11:20,0.729365768896612,0.934615384615385,0.0003667033370003,268,0.0,0.190298507462687,,2026-05-19
1841-FL-Ft Lauderdale-S Federal Hwy,-0.0670783837540247,09:01,07:54,07:02,09:13,08:16,10:57,0.876961707470182,0.995555555555556,0.0416319733555371,214,0.0046728971962616,0.289719626168224,,2026-05-19
1847-FL-Pompano Beach-N. Federal Hwy,-0.245098238248562,08:46,09:02,09:59,10:38,09:47,09:53,1.04685212298682,0.906735751295337,0.0292781423523473,191,0.0104712041884817,0.324607329842932,0.0418980312973246,2026-05-19
1848-FL-Miami-SW 107th Ave,-0.197060415223244,07:56,07:18,07:49,09:17,07:55,09:08,0.880131362889984,1.0,0.0107296137339056,111,0.0,0.414414414414414,0.0329041487839771,2026-05-19
1864-FL-Hialeah Gardens-W 33rd Ave,0.0796637410907377,09:32,07:44,08:33,08:11,08:37,09:23,0.951496388028896,1.0,0.144748455428067,191,0.0,0.324607329842932,0.0326566637246249,2026-05-19
1891-FL-Miami-SW 137th Ave,-0.0331225490553607,10:47,09:15,09:20,10:40,09:46,09:43,0.846327683615819,1.0,0.100888888888889,183,0.0109289617486339,0.355191256830601,,2026-05-19
1954-FL-Miami-N Kendall Dr,-0.0310837595011265,05:59,09:17,08:38,07:40,08:17,09:26,0.805057096247961,1.0,0.109833465503569,206,0.0145631067961165,0.364077669902913,0.0047581284694686,2026-05-19
1972-FL-Miami-Bird Ludlam,-0.106207986017747,09:02,07:36,06:32,06:53,07:19,08:34,0.750641025641026,1.0,0.0491751269035533,236,0.0,0.23728813559322,,2026-05-19
2013-FL-Palm Springs-S Congress Ave,-0.194635526184039,12:56,10:24,12:52,15:51,13:14,11:58,0.886774500475737,0.995495495495496,0.0,163,0.0,0.122699386503067,,2026-05-19
2042-FL-Miami-W Flagler St,-0.234072998493092,08:22,11:12,07:28,06:36,08:02,08:53,0.794450154162384,0.991489361702128,0.0735559566787004,178,0.0,0.320224719101124,0.0126353790613718,2026-05-19
2048-FL-Coral Springs-Wiles Rd,-0.0245141098080181,05:35,07:30,09:10,10:06,08:32,09:34,0.945706371191136,1.0,0.189840563589173,249,0.0080321285140562,0.321285140562249,,2026-05-19
205-FL-Lauderhill-Oakland Park,-0.0855480834870513,09:29,07:10,06:32,07:34,07:27,08:46,1.04362276692979,0.997389033942559,0.0003121098626716,315,0.0,0.279365079365079,,2026-05-19
2118-FL-Naranja-S. Dixie Hwy,-0.0809435552938657,08:08,07:37,08:13,08:17,08:06,09:18,0.979352678571429,0.996428571428571,0.0,264,0.0,0.193181818181818,0.0668859649122807,2026-05-19
2290-FL-Pembroke Pines-N. Flamingo Rd,-0.242714764912781,08:31,07:54,07:21,08:35,07:55,09:02,0.970588235294118,1.0,0.0,146,0.0,0.376712328767123,0.0467479674796748,2026-05-19
2497-FL-Royal Palm Beach,0.103731167964198,08:12,07:50,08:56,07:49,08:21,09:50,0.754920634920635,1.0,0.0085775553967119,207,0.0,0.231884057971014,,2026-05-19
2602-FL-Doral-NW 58th St.,-0.0906404470234257,07:48,08:56,08:26,10:35,09:03,09:31,1.17017543859649,1.0,0.0873860182370821,115,0.0,0.28695652173913,,2026-05-19
2627-FL-Hialeah-Hialeah Dr.,-0.44649450723677,09:23,09:44,08:59,08:24,09:02,09:41,1.16261203585147,1.0,0.0,136,0.0,0.25,0.0191004313000616,2026-05-19
2696-FL-West Palm Beach-Okeechobee Blvd,-0.0894346453917752,09:05,08:10,09:17,08:40,08:53,09:04,0.956896551724138,0.994186046511628,0.216748768472906,162,0.0308641975308642,0.265432098765432,0.0232230823363828,2026-05-19
2766-FL-Miami-Bird Rd.,0.116436567943523,09:09,08:28,08:17,08:30,08:31,08:53,1.16237113402062,1.0,0.0,104,0.0,0.711538461538462,0.0476190476190476,2026-05-19
2885-FL-Lantana-W. Lantana Rd,-0.0788948267815724,09:17,09:34,14:17,12:26,12:26,12:14,1.02352941176471,0.952941176470588,0.0177398160315375,120,0.025,0.141666666666667,,2026-05-19
2890-FL-Miami-NW 199th St.,-,09:13,09:30,13:41,17:28,13:18,11:59,0.920198128783709,0.992307692307692,0.0084388185654008,241,0.0,0.12448132780083,,2026-05-19
2893-FL-Miami-NE Miami Ct. - GK,-0.00174337820234471,07:20,08:08,07:22,08:21,07:47,08:54,1.06757843925986,1.0,0.0,205,0.0048780487804878,0.219512195121951,,2026-05-19
2974-FL-Delray Beach-Linton Blvd,-0.135890435505427,10:57,10:53,08:51,09:29,09:59,10:05,0.979806848112379,0.973799126637555,0.0512305374183827,170,0.0,0.3,,2026-05-19
2976-FL-Weston-Indian Trace,-,13:41,10:50,11:52,11:32,11:54,11:36,0.691884456671252,0.98876404494382,0.0088079859072225,137,0.0,0.175182481751825,0.008220786846741,2026-05-19
3013-FL-Miami-Quail Roost Dr,-,08:44,08:22,07:59,08:37,08:21,08:57,1.11970074812968,1.0,0.270634475014037,140,0.0071428571428571,0.371428571428571,,2026-05-19
3200-FL-Jupiter-E Indiantown Rd,-,09:28,10:10,08:29,09:11,09:04,09:37,1.32413793103448,0.993464052287582,0.0388945752302968,100,0.0,0.33,0.0747185261003071,2026-05-19
3317-FL-Boca Raton-Glades Road,-,07:31,07:31,13:31,09:40,10:37,10:50,0.896473265073948,0.956730769230769,0.090964590964591,141,0.0283687943262411,0.26241134751773,,2026-05-19
346-FL-Miami-Old Cutler Rd,-0.370307338911152,08:46,09:26,10:20,11:04,10:01,10:08,0.852631578947368,1.0,0.196677384780279,152,0.0131578947368421,0.282894736842105,0.0117899249732047,2026-05-19
4032-FL-Miami-NW 7th St.,-,09:56,09:00,11:19,11:43,10:37,10:34,0.82340862422998,1.0,0.0,176,0.0056818181818181,0.261363636363636,,2026-05-19
420-FL-Deerfield Beach,-0.165786100355486,09:19,08:02,08:40,09:14,08:52,09:20,0.924107142857143,0.977477477477477,0.0283762480294272,148,0.0067567567567567,0.283783783783784,,2026-05-19
79-FL-Plantation,-0.0688340883229978,09:22,08:44,10:06,08:19,09:14,10:04,0.800714924039321,1.0,0.251261918115536,268,0.0,0.246268656716418,0.0168255748738082,2026-05-19
871-FL-Florida City-Dixie Hwy,0.0780256998546084,09:00,08:56,06:49,06:46,07:39,09:24,0.753246753246753,0.978723404255319,0.0561154998637973,286,0.0034965034965035,0.335664335664336,,2026-05-19
883-FL-Hallandale Beach-W Hallandale Beach Blvd,-0.115960311779524,09:10,08:38,05:53,07:21,07:20,08:53,0.973668461998803,1.0,0.0189287152637938,216,0.0138888888888889,0.273148148148148,,2026-05-19
1096-FL-Tamarac-N. University Drive,0.120197583803303,14:12,14:05,14:07,14:39,14:16,13:20,1.0115850447604,1.0,0.0395888846593072,233,0.0,0.133047210300429,,2026-05-18
1167-FL-Pembroke Pines-Pines Blvd,-0.201746734699225,13:35,14:19,26:32,21:14,19:59,17:29,0.889354066985646,0.916317991631799,0.0227272727272727,220,0.0045454545454545,0.0727272727272727,0.0239234449760766,2026-05-18
1252-FL-Fort Lauderdale-W. Broward Blvd.,0.226409376701922,07:19,05:47,06:56,11:04,08:02,09:06,0.952608695652174,0.971509971509972,0.0204734484964811,294,0.0408163265306122,0.166666666666667,,2026-05-18
1677-FL-Palmetto Bay- SW 160th St.,-0.112702537595472,07:53,05:52,07:05,07:02,07:02,09:09,0.962177121771218,0.994535519125683,0.0,145,0.0068965517241379,0.427586206896552,0.0375153751537515,2026-05-18
1726-FL-Fort Lauderdale-E. Commercial Blvd,-0.0769651781468422,09:41,13:28,07:27,06:52,08:44,09:47,1.03259911894273,0.995121951219512,0.0057703404500865,151,0.0,0.19205298013245,,2026-05-18
1771-FL-Miami-SW 152nd St,0.0516913483173581,09:11,07:19,08:58,09:19,08:38,09:13,0.908067542213884,1.0,0.0418410041841004,179,0.0,0.256983240223464,,2026-05-18
183-FL-Margate-Atlantic,-0.15795637100764,09:55,11:37,12:00,11:48,11:31,11:35,1.15870307167235,0.875,0.0162940507768094,244,0.0040983606557377,0.135245901639344,,2026-05-18
1841-FL-Ft Lauderdale-S Federal Hwy,-0.155389643242948,09:53,06:50,09:27,06:19,08:14,09:16,1.42469597754911,1.0,0.0942148760330579,162,0.0246913580246914,0.290123456790123,0.0038567493112947,2026-05-18
1847-FL-Pompano Beach-N. Federal Hwy,-0.076094308506461,08:26,11:17,10:05,10:12,10:08,10:40,1.0840395480226,0.957894736842105,0.0051282051282051,174,0.0057471264367816,0.339080459770115,0.0661538461538462,2026-05-18
1848-FL-Miami-SW 107th Ave,-0.145321555732267,08:07,08:22,08:38,10:47,09:23,10:01,1.05440900562852,1.0,0.0,126,0.0,0.373015873015873,0.144101876675603,2026-05-18
1864-FL-Hialeah Gardens-W 33rd Ave,-0.0442369308875446,08:59,08:57,07:01,07:52,07:59,09:24,1.01835985312118,1.0,0.0802752293577982,138,0.0,0.391304347826087,0.033256880733945,2026-05-18
1891-FL-Miami-SW 137th Ave,-0.0758223015804447,09:34,07:37,08:59,09:20,08:52,09:25,1.14035087719298,0.989247311827957,0.133742331288344,134,0.0074626865671641,0.350746268656716,0.0061349693251533,2026-05-18
1954-FL-Miami-N Kendall Dr,0.120979724323954,07:47,05:52,07:58,08:36,07:38,08:45,1.2548794489093,1.0,0.05436212187637,185,0.0,0.318918918918919,0.006576063130206,2026-05-18
1972-FL-Miami-Bird Ludlam,-0.0693524653840881,10:37,08:42,06:47,07:31,07:49,08:51,0.858272907053395,0.986301369863014,0.0089611682708264,237,0.0,0.232067510548523,0.0122801194822436,2026-05-18
2013-FL-Palm Springs-S Congress Ave,-0.209528480274011,07:46,07:50,12:56,13:12,11:07,10:41,0.984174085064293,0.99537037037037,0.0,148,0.0,0.222972972972973,,2026-05-18
2042-FL-Miami-W Flagler St,-0.119008000173446,09:46,08:52,06:32,06:56,07:40,08:41,1.23537414965986,0.991228070175439,0.0147130946542423,158,0.0,0.316455696202532,0.0098087297694948,2026-05-18
2048-FL-Coral Springs-Wiles Rd,0.0830084772770731,05:25,06:20,09:23,10:31,08:32,09:26,1.05920624593364,0.9957805907173,0.203734439834025,216,0.0046296296296296,0.351851851851852,0.0128630705394191,2026-05-18
205-FL-Lauderhill-Oakland Park,-0.00262483645002522,07:01,06:21,07:58,10:16,08:19,09:41,0.974563401670463,0.974747474747475,0.0673107890499195,327,0.0152905198776758,0.287461773700306,,2026-05-18
2118-FL-Naranja-S. Dixie Hwy,0.108554206094142,09:31,08:35,08:20,07:14,08:22,09:30,0.869486130059118,1.0,0.0,285,0.0,0.189473684210526,0.159822419533851,2026-05-18
2290-FL-Pembroke Pines-N. Flamingo Rd,0.407040662112103,09:52,10:34,08:47,08:37,09:06,10:53,0.797989949748744,0.977142857142857,0.125153374233129,145,0.0137931034482759,0.331034482758621,0.0368098159509202,2026-05-18
2497-FL-Royal Palm Beach,0.512351289390507,07:25,08:26,14:31,09:03,10:40,11:41,0.703193487789606,1.0,0.0074189769621241,198,0.0101010101010101,0.191919191919192,,2026-05-18
2602-FL-Doral-NW 58th St.,0.0550307729281825,08:37,10:06,09:26,10:39,09:38,09:44,1.05327868852459,1.0,0.0614250614250614,103,0.0,0.252427184466019,0.0040950040950041,2026-05-18
2627-FL-Hialeah-Hialeah Dr.,-0.0243887164611311,10:59,13:04,09:16,11:20,11:09,10:59,0.939,1.0,0.0,187,0.0053475935828877,0.219251336898396,0.0116396761133603,2026-05-18
2696-FL-West Palm Beach-Okeechobee Blvd,0.449187188696007,09:40,07:59,12:59,10:50,10:54,10:37,1.02144249512671,0.994350282485876,0.15873786407767,155,0.0193548387096774,0.103225806451613,0.0281553398058252,2026-05-18
2766-FL-Miami-Bird Rd.,0.0501777374668328,08:21,08:44,08:15,08:29,08:29,08:58,1.00712589073634,1.0,0.0,103,0.029126213592233,0.766990291262136,0.035810205908684,2026-05-18
2885-FL-Lantana-W. Lantana Rd,-0.13030700316836,09:44,08:20,10:49,09:45,09:55,10:21,1.08787128712871,0.889473684210526,0.04344453064391,124,0.0080645161290322,0.201612903225806,,2026-05-18
2890-FL-Miami-NW 199th St.,-,09:52,10:04,13:36,13:25,12:18,11:37,1.12987012987013,0.972477064220184,0.0087881591119334,218,0.0045871559633027,0.174311926605505,,2026-05-18
2893-FL-Miami-NE Miami Ct. - GK,0.593111200846912,09:41,11:13,12:11,13:43,11:55,11:40,0.656763925729443,1.0,0.0157973174366617,230,0.0130434782608696,0.126086956521739,,2026-05-18
2974-FL-Delray Beach-Linton Blvd,-0.19645383774546,07:02,09:34,11:29,08:58,09:38,10:06,1.13363028953229,0.978947368421053,0.07,138,0.0072463768115942,0.304347826086957,,2026-05-18
2976-FL-Weston-Indian Trace,-,12:51,12:37,11:32,14:37,12:52,12:51,0.443979057591623,0.91566265060241,0.0036420395421436,148,0.0,0.168918918918919,0.0218522372528616,2026-05-18
3013-FL-Miami-Quail Roost Dr,-,09:35,11:04,08:20,09:31,09:35,09:56,0.699248120300752,1.0,0.259238830667402,166,0.0120481927710843,0.240963855421687,0.005515719801434,2026-05-18
3200-FL-Jupiter-E Indiantown Rd,-,09:20,07:41,09:12,08:46,08:53,09:20,0.779122541603631,0.981707317073171,0.143730886850153,121,0.0165289256198347,0.338842975206612,,2026-05-18
3317-FL-Boca Raton-Glades Road,-,08:55,12:17,13:23,09:56,11:18,11:22,0.887154009936125,0.939914163090129,0.0599058622165169,150,0.0333333333333333,0.213333333333333,,2026-05-18
346-FL-Miami-Old Cutler Rd,-0.266202318365543,09:16,08:26,10:34,08:19,09:24,09:46,0.989205103042198,0.991379310344828,0.189033942558747,153,0.0196078431372549,0.411764705882353,0.004177545691906,2026-05-18
4032-FL-Miami-NW 7th St.,-,08:44,08:22,11:29,11:19,10:22,10:05,0.805807622504537,1.0,0.0004849660523763,182,0.0,0.214285714285714,0.007274490785645,2026-05-18
420-FL-Deerfield Beach,0.120343917043368,09:48,09:07,10:22,08:06,09:20,10:01,1.04690265486726,1.0,0.0179514255543823,160,0.0125,0.25625,,2026-05-18
79-FL-Plantation,0.127232127552105,09:56,09:50,09:08,09:36,09:29,09:46,1.13031771674744,0.984189723320158,0.0439040864572779,245,0.0,0.261224489795918,0.0027017899358324,2026-05-18
871-FL-Florida City-Dixie Hwy,-0.0737157276780462,08:30,09:09,08:27,07:16,08:20,09:57,1.07436049970256,0.979942693409742,0.0323153409090909,230,0.0,0.273913043478261,0.0127840909090909,2026-05-18
883-FL-Hallandale Beach-W Hallandale Beach Blvd,0.231490402047011,09:07,08:55,10:17,09:50,09:40,09:58,1.33446634942216,0.996621621621622,0.0068649885583524,221,0.0271493212669683,0.190045248868778,,2026-05-18
1096-FL-Tamarac-N. University Drive,0.0593549143719031,14:34,15:06,16:09,15:52,15:41,14:14,0.950909090909091,0.950413223140496,0.0025921658986175,286,0.0034965034965035,0.101398601398601,,2026-05-17
1167-FL-Pembroke Pines-Pines Blvd,-0.272753715348925,26:24,24:45,33:03,18:58,27:16,26:43,0.962464300285598,0.966292134831461,0.0837823275862069,244,0.0,0.040983606557377,0.0584590517241379,2026-05-17
1252-FL-Fort Lauderdale-W. Broward Blvd.,0.0191155461408673,06:54,08:01,06:01,07:40,07:03,08:49,0.918820678513732,0.928270042194093,0.0005476451259583,322,0.0093167701863354,0.170807453416149,,2026-05-17
1677-FL-Palmetto Bay- SW 160th St.,-0.0411115690262236,06:46,07:32,08:50,08:42,08:10,09:02,0.890454836643177,0.991489361702128,0.0126156433978133,189,0.0,0.391534391534392,,2026-05-17
1726-FL-Fort Lauderdale-E. Commercial Blvd,0.00336958288884388,09:41,10:02,08:10,08:16,08:58,10:29,0.800554016620499,1.0,0.0333465660976578,188,0.0053191489361702,0.180851063829787,,2026-05-17
1771-FL-Miami-SW 152nd St,-0.243512205999527,09:56,08:07,08:02,09:50,08:49,09:26,0.784873949579832,0.996587030716723,0.0456580125335721,229,0.0,0.22707423580786,,2026-05-17
183-FL-Margate-Atlantic,-0.0240776980304911,10:53,10:38,11:52,13:37,11:46,11:16,0.802321932852212,0.923357664233577,0.0002907822041291,299,0.0100334448160535,0.167224080267559,,2026-05-17
1841-FL-Ft Lauderdale-S Federal Hwy,-0.0742051724061199,08:59,09:34,05:32,04:56,06:44,08:44,0.829008341056534,0.994082840236686,0.0722454672245467,276,0.0072463768115942,0.210144927536232,,2026-05-17
1847-FL-Pompano Beach-N. Federal Hwy,-0.0917173226474683,09:37,12:52,10:49,08:43,10:34,10:26,0.972877950778503,0.968325791855204,0.0612954186413902,253,0.0118577075098814,0.284584980237154,,2026-05-17
1848-FL-Miami-SW 107th Ave,-0.246862168137915,08:50,08:05,08:42,08:40,08:38,09:46,0.9979035639413,1.0,0.0004198152812762,150,0.0,0.44,0.0671704450041982,2026-05-17
1864-FL-Hialeah Gardens-W 33rd Ave,-0.0435142968693133,09:00,08:40,07:50,07:39,08:09,09:29,0.873337189126663,1.0,0.0181058495821727,237,0.0,0.383966244725738,0.0122562674094708,2026-05-17
1891-FL-Miami-SW 137th Ave,-0.0975874941463754,11:31,09:14,09:02,08:34,09:31,10:22,0.894339622641509,1.0,0.028555431131019,241,0.004149377593361,0.244813278008299,0.0025195968645016,2026-05-17
1954-FL-Miami-N Kendall Dr,-0.126054732553053,06:43,07:43,09:35,07:43,08:23,09:26,0.94798007747648,1.0,0.0494690494690495,294,0.0,0.363945578231293,0.0168350168350168,2026-05-17
1972-FL-Miami-Bird Ludlam,-0.347956838173231,12:17,09:47,06:35,06:59,08:10,09:07,0.899175068744271,0.997584541062802,0.0046093569946992,296,0.0,0.185810810810811,0.0186678958285319,2026-05-17
2013-FL-Palm Springs-S Congress Ave,-0.0370005478290067,14:02,16:32,13:21,13:09,14:11,12:46,1.03958177744586,1.0,0.0,202,0.0,0.123762376237624,,2026-05-17
2042-FL-Miami-W Flagler St,-0.17816054641916,09:50,08:22,08:08,08:31,08:30,09:07,1.08379888268156,0.963455149501661,0.0773427471116816,212,0.0,0.254716981132075,0.0189345314505777,2026-05-17
2048-FL-Coral Springs-Wiles Rd,-0.155828797587825,10:10,10:06,08:32,10:56,09:47,10:21,0.857652515162326,0.983443708609272,0.115547329455315,287,0.0069686411149825,0.289198606271777,,2026-05-17
205-FL-Lauderhill-Oakland Park,-0.0863808744794765,08:53,07:53,07:16,08:27,08:02,09:35,0.946306429548564,0.997916666666667,0.0005069708491761,368,0.0027173913043478,0.263586956521739,,2026-05-17
2118-FL-Naranja-S. Dixie Hwy,-0.0491303797259277,09:38,08:20,07:41,07:23,08:05,09:31,0.860105332455563,1.0,0.0,332,0.0,0.132530120481928,0.0715440582053355,2026-05-17
2290-FL-Pembroke Pines-N. Flamingo Rd,0.0446109783355427,13:51,10:35,09:49,08:56,10:28,12:10,0.903345724907063,1.0,0.0107156525066973,175,0.0,0.251428571428571,0.0275545350172216,2026-05-17
2497-FL-Royal Palm Beach,-0.240549571906397,08:06,06:15,16:59,12:13,12:32,12:38,1.04802744425386,1.0,0.0014199503017394,189,0.0,0.158730158730159,,2026-05-17
2602-FL-Doral-NW 58th St.,-0.149710777758084,11:32,09:36,09:31,11:59,10:17,10:34,0.863354037267081,1.0,0.0402384500745156,160,0.0,0.225,0.0093144560357675,2026-05-17
2627-FL-Hialeah-Hialeah Dr.,-0.147297099312857,09:49,12:12,08:14,10:51,10:14,10:45,0.896507936507936,1.0,0.0,188,0.0,0.202127659574468,0.0245753523671847,2026-05-17
2696-FL-West Palm Beach-Okeechobee Blvd,-0.00215665612925882,10:28,09:46,16:23,15:04,13:50,12:40,1.34448818897638,0.938775510204082,0.0783764870538838,128,0.0078125,0.1640625,,2026-05-17
2766-FL-Miami-Bird Rd.,-0.204952194165237,08:56,08:01,07:17,07:24,07:37,08:41,1.12138728323699,1.0,0.0006422607578676,121,0.0,0.553719008264463,0.0443159922928709,2026-05-17
2885-FL-Lantana-W. Lantana Rd,-0.0499886200766454,07:20,07:53,06:58,09:24,08:00,08:58,1.25699481865285,0.841463414634146,0.0312868949232586,160,0.00625,0.26875,,2026-05-17
2890-FL-Miami-NW 199th St.,-,14:19,12:39,13:23,17:19,14:25,13:12,0.739445114595899,1.0,0.0,274,0.0036496350364963,0.116788321167883,,2026-05-17
2893-FL-Miami-NE Miami Ct. - GK,0.109374476450024,10:31,10:51,14:07,13:32,12:52,12:01,0.864428389290268,1.0,0.0170539330633127,304,0.0098684210526315,0.154605263157895,,2026-05-17
2974-FL-Delray Beach-Linton Blvd,-0.375499443056839,10:26,10:29,10:07,11:44,10:44,11:00,1.24090909090909,0.97979797979798,0.072737686139748,147,0.0,0.210884353741497,,2026-05-17
2976-FL-Weston-Indian Trace,-,08:56,12:43,13:37,13:56,12:37,12:44,0.484034833091437,0.972972972972973,0.0122569737954353,149,0.0,0.147651006711409,0.0063398140321217,2026-05-17
3013-FL-Miami-Quail Roost Dr,-,09:02,09:23,10:23,10:16,09:54,10:14,0.786860198624905,0.991525423728814,0.0901250539025442,165,0.0,0.272727272727273,0.0086244070720138,2026-05-17
3200-FL-Jupiter-E Indiantown Rd,-,09:07,09:39,12:26,10:26,10:54,10:53,1.02702702702703,1.0,0.0916030534351145,110,0.0,0.318181818181818,,2026-05-17
3317-FL-Boca Raton-Glades Road,-,08:55,12:17,13:23,09:56,11:18,11:22,0.888415067519545,0.939914163090129,0.0599058622165169,150,0.0333333333333333,0.213333333333333,,2026-05-17
346-FL-Miami-Old Cutler Rd,-0.235789262520717,12:26,12:08,12:35,09:14,11:56,-,1.82142857142857,0.996428571428571,0.115361803084223,224,0.0044642857142857,0.129464285714286,0.0106761565836299,2026-05-17
4032-FL-Miami-NW 7th St.,-,10:20,10:52,10:52,11:26,10:56,10:38,0.95244474212994,1.0,0.0,213,0.0046948356807511,0.272300469483568,,2026-05-17
420-FL-Deerfield Beach,-0.0257730486460342,09:28,09:10,11:32,08:46,10:04,10:27,0.744450460205739,0.996563573883162,0.0006939625260235,210,0.0,0.185714285714286,,2026-05-17
79-FL-Plantation,0.0121836412117581,08:57,09:59,11:07,08:07,09:51,10:29,0.872209165687427,0.969788519637462,0.0124753775443204,308,0.0032467532467532,0.188311688311688,,2026-05-17
871-FL-Florida City-Dixie Hwy,-0.0465125363150315,10:56,09:10,07:39,04:51,08:04,09:28,0.924735397883183,0.988913525498891,0.0029350104821802,292,0.0,0.212328767123288,0.0041928721174004,2026-05-17
883-FL-Hallandale Beach-W Hallandale Beach Blvd,-0.0190114951785919,07:18,09:27,09:23,09:44,09:20,10:05,0.903633491311216,1.0,0.0021609940572663,267,0.0074906367041198,0.303370786516854,,2026-05-17
1096-FL-Tamarac-N. University Drive,0.133269048008605,19:36,18:40,34:46,20:20,25:49,22:41,0.731528733081873,0.906040268456376,0.0,411,0.0,0.0340632603406326,,2026-05-16
1167-FL-Pembroke Pines-Pines Blvd,-0.419963533265877,17:14,17:51,17:32,11:40,15:40,16:40,1.13458755426918,0.996923076923077,0.0513561582925745,284,0.0,0.116197183098592,0.0097821253890618,2026-05-16
1252-FL-Fort Lauderdale-W. Broward Blvd.,0.58358961695176,08:17,09:01,08:16,06:28,07:46,09:18,0.838459407037961,0.95427435387674,0.0002167316861725,373,0.0160857908847185,0.233243967828418,,2026-05-16
1677-FL-Palmetto Bay- SW 160th St.,-0.148230256081364,06:30,07:41,06:19,08:29,07:26,08:50,0.976901408450704,1.0,0.0049652432969215,223,0.0,0.322869955156951,,2026-05-16
1726-FL-Fort Lauderdale-E. Commercial Blvd,-0.11342724197621,07:11,08:44,16:07,11:07,12:13,11:52,0.738338516215016,0.986254295532646,0.0668916845658177,224,0.0,0.111607142857143,,2026-05-16
1771-FL-Miami-SW 152nd St,-0.239008698450467,08:04,07:34,07:52,09:56,08:27,09:20,0.807779285391226,1.0,0.0138497050525776,232,0.0,0.21551724137931,,2026-05-16
183-FL-Margate-Atlantic,0.064253567850006,08:55,08:32,19:50,13:29,14:42,13:37,0.785910338517841,1.0,0.0040703052728954,398,0.0150753768844221,0.14070351758794,,2026-05-16
1841-FL-Ft Lauderdale-S Federal Hwy,-0.134921215551215,09:19,10:34,08:05,08:43,08:50,09:29,0.881487535758071,1.0,0.016087331226659,264,0.0037878787878787,0.284090909090909,,2026-05-16
1847-FL-Pompano Beach-N. Federal Hwy,0.0161479846175758,08:33,09:30,10:50,08:53,09:42,10:23,0.821922796795339,0.953177257525084,0.0204318551195728,308,0.012987012987013,0.314935064935065,0.0515439981425586,2026-05-16
1848-FL-Miami-SW 107th Ave,-0.235344418052257,08:10,07:34,08:08,09:06,08:22,09:17,1.15495867768595,1.0,0.0045620437956204,145,0.0,0.386206896551724,0.0501824817518248,2026-05-16
1864-FL-Hialeah Gardens-W 33rd Ave,-0.0306296811325766,09:17,08:28,08:02,10:31,09:01,10:02,0.816143497757848,0.989100817438692,0.031958025280229,267,0.0,0.310861423220974,0.0054853326973527,2026-05-16
1891-FL-Miami-SW 137th Ave,-0.129047323388287,09:22,10:05,09:17,10:20,09:50,09:59,0.898678414096916,1.0,0.002950643776824,245,0.0,0.285714285714286,,2026-05-16
1954-FL-Miami-N Kendall Dr,0.0805128019313948,09:13,09:13,07:59,07:08,08:08,09:43,0.819760710150521,0.99748743718593,0.0148698884758364,328,0.0,0.301829268292683,0.006815365551425,2026-05-16
1972-FL-Miami-Bird Ludlam,-0.360517831071529,09:19,12:05,06:12,08:56,08:31,09:41,1.18594594594595,0.990291262135922,0.0100071479628306,275,0.0,0.167272727272727,,2026-05-16
2013-FL-Palm Springs-S Congress Ave,-0.0798254405746262,12:00,15:03,11:09,12:21,12:13,11:38,0.875553097345133,1.0,0.0121909922113105,205,0.0,0.160975609756098,,2026-05-16
2042-FL-Miami-W Flagler St,-0.239027327747899,12:05,09:31,08:19,06:29,08:16,09:29,0.891341256366723,0.944625407166124,0.0583333333333333,219,0.0045662100456621,0.28310502283105,0.0040123456790123,2026-05-16
2048-FL-Coral Springs-Wiles Rd,-0.018471669355314,06:30,07:12,09:36,09:52,08:48,09:50,0.918910741301059,0.99468085106383,0.0768926665348883,341,0.002932551319648,0.281524926686217,,2026-05-16
205-FL-Lauderhill-Oakland Park,0.0231559060823882,09:24,08:49,08:23,08:32,08:41,10:01,0.937050805452292,0.996587030716723,0.0,450,0.0,0.248888888888889,,2026-05-16
2118-FL-Naranja-S. Dixie Hwy,-0.24048236371636,09:14,09:53,08:08,08:11,08:40,09:50,0.950857807502181,0.991825613079019,0.0003818251240931,381,0.0,0.186351706036745,0.0278732340588011,2026-05-16
2290-FL-Pembroke Pines-N. Flamingo Rd,-0.114774991935372,10:56,11:16,08:36,08:19,09:26,10:40,1.10778443113772,1.0,0.0079305135951661,188,0.0,0.292553191489362,0.0075528700906344,2026-05-16
2497-FL-Royal Palm Beach,-0.0785949262984754,07:31,05:56,11:56,08:24,09:07,10:47,1.05119453924915,1.0,0.0012484394506866,240,0.0125,0.183333333333333,0.0124843945068664,2026-05-16
2602-FL-Doral-NW 58th St.,-0.196242574376935,07:49,08:12,09:26,11:29,09:47,10:28,0.864372469635628,0.996363636363636,0.0334964245389537,162,0.0308641975308642,0.228395061728395,0.0116672939405344,2026-05-16
2627-FL-Hialeah-Hialeah Dr.,0.0251376158195251,10:41,09:57,08:58,09:28,09:31,10:44,0.810263653483992,0.997395833333333,0.00303197353914,255,0.0,0.188235294117647,,2026-05-16
2696-FL-West Palm Beach-Okeechobee Blvd,0.298086132888716,10:38,12:55,14:43,15:53,14:14,13:41,0.92454893384363,0.969849246231156,0.0328596802841918,208,0.0240384615384615,0.105769230769231,,2026-05-16
2766-FL-Miami-Bird Rd.,0.202903405918481,08:50,08:50,08:04,07:30,08:05,09:05,1.10355329949239,1.0,0.0105099260412612,168,0.0238095238095238,0.488095238095238,0.0144024912417283,2026-05-16
2885-FL-Lantana-W. Lantana Rd,0.152966358089271,08:47,08:58,06:34,08:53,08:10,09:22,0.946380697050938,0.958041958041958,0.0474683544303797,199,0.0,0.21105527638191,,2026-05-16
2890-FL-Miami-NW 199th St.,-,11:55,14:17,13:48,15:44,14:11,12:36,0.901366826745475,0.990196078431373,0.0226720647773279,315,0.019047619047619,0.104761904761905,0.0002699055330634,2026-05-16
2893-FL-Miami-NE Miami Ct. - GK,0.0964978407428017,09:16,10:25,28:32,23:56,20:43,21:19,0.997960848287113,1.0,0.000218007412252,276,0.0144927536231884,0.108695652173913,,2026-05-16
2974-FL-Delray Beach-Linton Blvd,-,08:56,08:31,07:32,11:53,09:29,10:01,1.35876623376623,0.937759336099585,0.0469367588932806,150,0.0066666666666666,0.313333333333333,0.0044466403162055,2026-05-16
2976-FL-Weston-Indian Trace,-,12:22,11:10,11:17,12:56,11:53,12:20,0.49554367201426,0.953586497890295,0.0063959066197633,195,0.0051282051282051,0.143589743589744,0.0025583626479053,2026-05-16
3013-FL-Miami-Quail Roost Dr,-,08:13,08:26,08:30,09:22,08:36,09:59,1.0453709380748,0.995850622406639,0.0833951074870274,188,0.0,0.292553191489362,0.0100074128984433,2026-05-16
3200-FL-Jupiter-E Indiantown Rd,-,08:04,08:27,08:24,07:52,08:11,09:51,1.51618398637138,0.963414634146341,0.0425880425880426,104,0.0,0.336538461538462,,2026-05-16
3317-FL-Boca Raton-Glades Road,-,08:26,09:14,09:32,10:05,09:28,09:58,0.83433734939759,0.949324324324324,0.0601454064771976,189,0.0105820105820106,0.222222222222222,,2026-05-16
346-FL-Miami-Old Cutler Rd,-0.326033414862678,13:07,09:35,09:46,10:44,10:20,10:48,1.06728880157171,0.989795918367347,0.0374852420306966,214,0.014018691588785,0.210280373831776,0.0115112160566706,2026-05-16
4032-FL-Miami-NW 7th St.,-,10:17,10:41,15:10,16:40,14:23,12:47,0.81516375056079,1.0,0.0002328288707799,254,0.0,0.18503937007874,,2026-05-16
420-FL-Deerfield Beach,-0.144345700397591,08:30,08:42,10:59,08:37,09:25,10:10,0.86434694906707,0.997109826589595,0.0268476621417798,230,0.0,0.243478260869565,,2026-05-16
79-FL-Plantation,-0.0421525237486874,08:59,08:45,09:44,17:46,12:36,13:23,0.986351706036745,0.968503937007874,0.0830168204015193,389,0.0,0.154241645244216,,2026-05-16
871-FL-Florida City-Dixie Hwy,-0.0213525222604561,04:13,03:50,09:00,11:40,08:10,09:28,1.05070529927564,0.992395437262357,0.0303957178359778,355,0.0028169014084507,0.169014084507042,0.0038233607340852,2026-05-16
883-FL-Hallandale Beach-W Hallandale Beach Blvd,0.245983170896234,09:14,07:56,09:35,09:24,09:15,10:10,0.879251700680272,1.0,0.0006213753106876,389,0.0231362467866324,0.149100257069409,,2026-05-16
1096-FL-Tamarac-N. University Drive,-0.0711586471780646,15:22,13:45,20:32,16:04,17:19,17:57,0.859514072648545,0.972972972972973,0.030407459963511,404,0.0024752475247524,0.106435643564356,,2026-05-15
1167-FL-Pembroke Pines-Pines Blvd,-0.222280666236536,15:22,15:23,25:34,22:15,21:17,19:46,1.0321072319202,1.0,0.0150911758541186,354,0.0028248587570621,0.0706214689265537,0.0023055963110459,2026-05-15
1252-FL-Fort Lauderdale-W. Broward Blvd.,-0.0029243703735334,08:47,08:11,10:52,08:36,09:14,11:29,0.858690176322418,0.995708154506438,0.0,432,0.0023148148148148,0.24537037037037,,2026-05-15
1677-FL-Palmetto Bay- SW 160th St.,-0.209995207284927,08:05,08:57,08:35,08:48,08:39,10:14,1.05106382978723,0.979487179487179,0.0183276059564719,152,0.006578947368421,0.447368421052632,0.0057273768613974,2026-05-15
1726-FL-Fort Lauderdale-E. Commercial Blvd,0.144028306910819,07:48,07:58,09:59,12:38,10:13,10:58,0.73199268738574,1.0,0.0002528445006321,239,0.00418410041841,0.225941422594142,,2026-05-15
1771-FL-Miami-SW 152nd St,-0.0898963385713306,10:22,08:36,07:46,08:47,08:28,09:40,0.756460454189507,1.0,0.0046739372356999,273,0.0,0.271062271062271,,2026-05-15
183-FL-Margate-Atlantic,-0.219484978395093,11:05,11:59,14:20,17:01,14:29,13:22,0.8502804194099,0.933333333333333,0.0,414,0.0048309178743961,0.132850241545894,,2026-05-15
1841-FL-Ft Lauderdale-S Federal Hwy,0.058723330494364,08:12,07:56,06:23,06:16,06:59,09:07,0.935396518375242,0.994202898550725,0.063841059602649,285,0.0105263157894737,0.196491228070175,,2026-05-15
1847-FL-Pompano Beach-N. Federal Hwy,-0.114186461286759,10:00,08:23,08:16,09:06,08:51,09:59,1.08404112650872,0.936454849498328,0.0177842565597668,293,0.0034129692832764,0.348122866894198,0.0346938775510204,2026-05-15
1848-FL-Miami-SW 107th Ave,-0.169862413477992,10:31,08:24,08:46,09:34,09:14,10:16,0.921121822962314,1.0,0.0,174,0.0057471264367816,0.339080459770115,0.0330929147221044,2026-05-15
1864-FL-Hialeah Gardens-W 33rd Ave,0.0947550775877842,08:44,08:32,07:41,08:12,08:10,09:27,0.820659340659341,0.992822966507177,0.05700871898055,317,0.0,0.384858044164038,0.0111781801922647,2026-05-15
1891-FL-Miami-SW 137th Ave,-0.151349793613266,11:29,11:43,10:52,09:53,10:49,11:04,0.90585533869116,1.0,0.021037037037037,235,0.0,0.204255319148936,0.0094814814814814,2026-05-15
1954-FL-Miami-N Kendall Dr,-0.112301811674296,07:34,07:52,08:19,07:18,07:49,09:40,0.912384161752317,0.993506493506494,0.0356366797044763,331,0.0,0.392749244712991,0.0076053889613211,2026-05-15
1972-FL-Miami-Bird Ludlam,-0.140087379005393,08:30,12:29,08:01,08:42,09:07,09:35,0.898652606912712,0.994350282485876,0.0364837690318874,278,0.0107913669064748,0.205035971223022,,2026-05-15
2013-FL-Palm Springs-S Congress Ave,-0.0741698627816962,11:45,10:08,13:27,14:16,13:04,12:22,0.898099260823654,1.0,0.0055401662049861,236,0.0084745762711864,0.182203389830508,,2026-05-15
2042-FL-Miami-W Flagler St,-0.236404157247517,12:19,10:41,11:20,11:11,11:17,11:10,0.897376093294461,0.984939759036145,0.0666485310119695,237,0.0,0.240506329113924,0.0171381936887922,2026-05-15
2048-FL-Coral Springs-Wiles Rd,-0.120341523784624,07:37,09:22,12:05,09:42,10:17,10:58,0.83618455158113,0.987714987714988,0.0959834056194607,382,0.0052356020942408,0.243455497382199,,2026-05-15
205-FL-Lauderhill-Oakland Park,-0.0235386493014363,09:02,08:07,08:08,08:51,08:31,09:45,0.81044957472661,1.0,0.0137765798143157,406,0.0,0.263546798029557,,2026-05-15
2118-FL-Naranja-S. Dixie Hwy,-0.00940421520552801,10:17,11:20,09:11,06:35,08:51,10:14,0.840791333019312,1.0,0.0022236340533672,460,0.0021739130434782,0.156521739130435,0.0746505717916137,2026-05-15
2290-FL-Pembroke Pines-N. Flamingo Rd,-0.0535046467460341,09:46,09:58,11:40,11:17,11:02,12:56,0.926609848484849,0.985239852398524,0.0456521739130435,229,0.0043668122270742,0.174672489082969,0.0437888198757764,2026-05-15
2497-FL-Royal Palm Beach,0.0486135364628448,06:28,05:13,10:32,12:56,09:53,10:27,0.851993865030675,1.0,0.0,289,0.0,0.204152249134948,0.0086249383932971,2026-05-15
2602-FL-Doral-NW 58th St.,-0.059701655886441,10:50,08:59,08:05,15:11,11:22,10:56,0.77498467198038,1.0,0.0,214,0.0,0.238317757009346,0.0058631921824104,2026-05-15
2627-FL-Hialeah-Hialeah Dr.,-0.0440791348261676,11:34,09:45,10:58,12:59,11:32,11:17,0.944052419354839,0.99746835443038,0.0,282,0.0035460992907801,0.166666666666667,0.008558091286307,2026-05-15
2696-FL-West Palm Beach-Okeechobee Blvd,-0.0377017139514043,12:32,11:25,14:11,14:08,13:27,12:11,0.879980796927508,0.98804780876494,0.123007623007623,239,0.00836820083682,0.167364016736402,0.0027720027720027,2026-05-15
2766-FL-Miami-Bird Rd.,0.125607367509134,08:35,08:09,08:48,09:14,08:43,09:01,1.48538011695906,1.0,0.0006963788300835,111,0.009009009009009,0.612612612612613,0.0097493036211699,2026-05-15
2885-FL-Lantana-W. Lantana Rd,0.111870138325422,10:29,09:19,08:44,08:19,09:02,10:04,0.808569838619922,0.922360248447205,0.0308076602830974,242,0.0041322314049586,0.152892561983471,0.0129059117402165,2026-05-15
2890-FL-Miami-NW 199th St.,-,10:55,12:29,14:13,14:29,13:28,12:32,0.957464908549553,1.0,0.0003080714725816,275,0.0,0.145454545454545,,2026-05-15
2893-FL-Miami-NE Miami Ct. - GK,0.191049903162219,08:23,09:41,10:05,13:47,10:52,11:01,0.905989686632289,1.0,0.0094184129974099,300,0.0066666666666666,0.153333333333333,,2026-05-15
2974-FL-Delray Beach-Linton Blvd,-,08:54,14:26,13:11,09:20,11:25,11:13,0.88543823326432,0.93359375,0.0292112950340798,194,0.0,0.175257731958763,,2026-05-15
2976-FL-Weston-Indian Trace,-,13:20,15:44,13:47,13:35,13:56,13:31,0.287525354969574,0.917322834645669,0.0446821900566394,240,0.0083333333333333,0.1375,,2026-05-15
3013-FL-Miami-Quail Roost Dr,-,12:31,08:02,07:11,10:26,09:04,10:02,0.87032967032967,1.0,0.14741641337386,197,0.0,0.228426395939086,,2026-05-15
3200-FL-Jupiter-E Indiantown Rd,-,09:11,08:02,12:22,11:41,10:48,10:25,1.34834834834835,0.991266375545852,0.0787992495309568,142,0.0070422535211267,0.26056338028169,,2026-05-15
3317-FL-Boca Raton-Glades Road,-,07:49,08:20,08:32,11:17,09:04,09:41,1.07790262172285,0.896057347670251,0.178194607268464,178,0.0056179775280898,0.275280898876405,,2026-05-15
346-FL-Miami-Old Cutler Rd,-0.228354042549143,09:02,11:25,10:16,09:20,10:04,10:29,0.905579399141631,0.982195845697329,0.0525892138449155,264,0.0151515151515152,0.238636363636364,,2026-05-15
4032-FL-Miami-NW 7th St.,-,10:09,07:45,11:08,12:11,10:53,10:52,0.867845993756504,1.0,0.0,258,0.003875968992248,0.255813953488372,,2026-05-15
420-FL-Deerfield Beach,-0.121780023437381,14:38,11:07,09:53,08:46,10:43,11:19,0.809058614564831,0.990566037735849,0.0441441441441441,248,0.0080645161290322,0.221774193548387,,2026-05-15
79-FL-Plantation,-0.0463215005886045,08:05,09:16,13:16,11:37,11:34,11:54,0.863698630136986,0.945205479452055,0.405657237936772,435,0.0022988505747126,0.209195402298851,0.003161397670549,2026-05-15
871-FL-Florida City-Dixie Hwy,-0.00576436661910512,04:16,06:01,11:42,10:44,09:08,10:50,0.933541341653666,0.993006993006993,0.0057132325838555,402,0.0099502487562189,0.17910447761194,,2026-05-15
883-FL-Hallandale Beach-W Hallandale Beach Blvd,-0.040307629658471,07:52,07:56,10:56,13:52,11:07,10:41,1.0132552404439,1.0,0.0002138579982891,355,0.0225352112676056,0.191549295774648,,2026-05-15
1096-FL-Tamarac-N. University Drive,-0.050596168774074,07:45,11:05,15:28,12:35,13:05,12:32,0.9476688867745,0.995575221238938,0.0079796880667392,255,0.0,0.105882352941176,,2026-05-14
1167-FL-Pembroke Pines-Pines Blvd,-0.302295701650057,13:54,20:07,26:41,14:52,20:23,22:06,1.00934579439252,0.995967741935484,0.0624568668046929,224,0.0089285714285714,0.09375,0.0282953761214631,2026-05-14
1252-FL-Fort Lauderdale-W. Broward Blvd.,0.136582612405283,08:37,06:30,08:37,09:11,08:22,09:43,0.749049429657795,0.963203463203463,0.0002832058906825,350,0.0142857142857143,0.177142857142857,,2026-05-14
1677-FL-Palmetto Bay- SW 160th St.,0.0108999869155479,07:48,08:35,07:41,07:49,07:52,09:16,0.834055459272097,0.974921630094044,0.0126924115581961,264,0.0,0.435606060606061,0.0108020523899541,2026-05-14
1726-FL-Fort Lauderdale-E. Commercial Blvd,-0.0653460471152385,07:12,06:24,07:49,08:28,07:36,09:08,0.983062330623306,1.0,0.0032065964269354,179,0.0,0.245810055865922,,2026-05-14
1771-FL-Miami-SW 152nd St,0.153383068883982,06:21,10:01,06:27,06:23,07:05,08:21,0.794277929155313,1.0,0.0163535142658316,220,0.0045454545454545,0.268181818181818,0.0034794711203897,2026-05-14
183-FL-Margate-Atlantic,-0.105247026442246,10:26,10:52,08:41,11:22,10:05,10:35,1.03857008466604,1.0,0.0012406947890818,284,0.0070422535211267,0.225352112676056,0.0071339950372208,2026-05-14
1841-FL-Ft Lauderdale-S Federal Hwy,-0.227981845795218,09:33,07:40,05:20,04:50,06:53,08:42,1.09450277949351,0.988461538461539,0.0463937621832359,232,0.0043103448275862,0.193965517241379,0.0257309941520468,2026-05-14
1847-FL-Pompano Beach-N. Federal Hwy,-0.204083671722713,08:10,07:47,07:53,10:08,08:37,09:28,1.19944405837387,0.903083700440529,0.0018099547511312,200,0.02,0.33,,2026-05-14
1848-FL-Miami-SW 107th Ave,-0.469593176676042,07:59,07:40,08:07,09:37,08:24,09:40,0.960843373493976,1.0,0.0112781954887218,108,0.0,0.435185185185185,0.0902255639097744,2026-05-14
1864-FL-Hialeah Gardens-W 33rd Ave,-0.146799682898036,08:29,07:34,07:56,07:34,07:55,09:37,0.931871574001566,0.992277992277992,0.0830699774266366,181,0.0,0.419889502762431,0.0171557562076749,2026-05-14
1891-FL-Miami-SW 137th Ave,0.0979420850438689,10:26,10:17,08:37,10:33,09:49,10:06,0.751802265705458,0.996941896024465,0.0683005222981117,207,0.0048309178743961,0.280193236714976,0.0004017677782241,2026-05-14
1954-FL-Miami-N Kendall Dr,-0.158256277855336,08:11,07:04,06:45,07:37,07:17,08:53,1.05170731707317,1.0,0.0472175379426644,217,0.0046082949308755,0.405529953917051,0.0016863406408094,2026-05-14
1972-FL-Miami-Bird Ludlam,-0.315524766576566,10:07,11:08,07:57,06:16,08:28,09:29,0.928925619834711,0.997150997150997,0.0027510316368638,337,0.0089020771513353,0.189910979228487,0.009399358092618,2026-05-14
2013-FL-Palm Springs-S Congress Ave,-0.22157214604142,08:09,07:40,12:25,13:19,10:57,10:41,0.952696310312204,1.0,0.0140041493775934,160,0.0,0.20625,,2026-05-14
2042-FL-Miami-W Flagler St,-0.0350625294814713,10:10,11:19,08:34,08:04,09:03,09:57,0.922495274102079,0.977859778597786,0.0451911935110081,189,0.0,0.328042328042328,0.0285824642719197,2026-05-14
2048-FL-Coral Springs-Wiles Rd,-0.232147408882001,09:33,09:14,10:13,10:35,10:01,10:32,0.973774230330673,0.996031746031746,0.148831951770912,237,0.0126582278481013,0.320675105485232,,2026-05-14
205-FL-Lauderhill-Oakland Park,-0.000466601378644293,08:43,06:47,08:37,08:04,08:07,09:51,0.904586404586405,1.0,0.0001615769914364,520,0.0,0.309615384615385,,2026-05-14
2118-FL-Naranja-S. Dixie Hwy,-0.1303586936151,08:22,08:23,08:53,09:02,08:44,10:09,1.01884191176471,0.996732026143791,0.0005070993914807,291,0.0068728522336769,0.189003436426117,0.13894523326572,2026-05-14
2290-FL-Pembroke Pines-N. Flamingo Rd,-0.100842309159745,08:52,09:00,09:58,11:01,09:58,11:31,1.12920908379013,0.990384615384615,0.0437017994858612,146,0.0,0.253424657534247,0.0303341902313625,2026-05-14
2497-FL-Royal Palm Beach,0.0529689624621564,07:43,06:46,06:28,07:46,07:07,08:56,1.12129032258065,1.0,0.0007604562737642,198,0.005050505050505,0.247474747474747,0.0269961977186312,2026-05-14
2602-FL-Doral-NW 58th St.,-0.151824638370327,08:23,07:22,09:23,09:50,09:01,09:34,1.12012987012987,1.0,0.0430539609644087,128,0.0078125,0.2265625,0.0097588978185993,2026-05-14
2627-FL-Hialeah-Hialeah Dr.,0.0724673660417686,11:41,09:13,07:29,07:44,08:26,09:44,0.941585535465925,0.996415770609319,0.0,200,0.0,0.19,0.0198886237072395,2026-05-14
2696-FL-West Palm Beach-Okeechobee Blvd,0.160255952510315,09:08,08:10,09:44,13:32,10:45,10:58,1.14777947932619,0.985221674876847,0.195630081300813,182,0.0054945054945054,0.186813186813187,0.0203252032520325,2026-05-14
2766-FL-Miami-Bird Rd.,-0.03644904063238,09:24,08:05,08:25,08:07,08:23,09:20,1.01621621621622,1.0,0.0126582278481013,148,0.0,0.567567567567568,0.0358649789029536,2026-05-14
2885-FL-Lantana-W. Lantana Rd,0.152856281365945,09:29,07:26,06:01,07:44,07:19,09:03,1.03483432455395,0.988142292490119,0.0258668134287287,170,0.0,0.294117647058824,,2026-05-14
2890-FL-Miami-NW 199th St.,-,09:25,11:55,14:28,12:22,12:25,11:56,1.0066200809121,0.993569131832797,0.0034731498797755,303,0.0,0.155115511551155,,2026-05-14
2893-FL-Miami-NE Miami Ct. - GK,-0.216702132195336,08:56,09:25,10:04,10:52,09:58,10:48,1.36308161708619,1.0,0.0213160333642261,188,0.0372340425531915,0.212765957446809,,2026-05-14
2974-FL-Delray Beach-Linton Blvd,-,09:10,09:30,08:52,10:06,09:21,09:56,1.04491725768322,0.947368421052632,0.0210562651018295,230,0.008695652173913,0.195652173913043,,2026-05-14
2976-FL-Weston-Indian Trace,-,17:05,13:38,10:47,12:40,12:58,12:30,0.444547134935305,0.965,0.0156862745098039,134,0.0,0.208955223880597,,2026-05-14
3013-FL-Miami-Quail Roost Dr,-,08:39,09:32,07:50,10:50,08:58,10:16,1.10163652024117,1.0,0.0388856645385955,152,0.0,0.25,,2026-05-14
3200-FL-Jupiter-E Indiantown Rd,-,08:39,08:34,08:22,09:07,08:40,09:43,1.0859375,0.98443579766537,0.0371574547143521,173,0.0057803468208092,0.352601156069364,,2026-05-14
3317-FL-Boca Raton-Glades Road,-,07:27,09:23,07:26,08:39,08:08,09:25,1.04099244875944,0.878378378378378,0.122362869198312,130,0.0,0.323076923076923,0.0241109101868596,2026-05-14
346-FL-Miami-Old Cutler Rd,-0.278660413036224,11:18,11:09,08:05,11:07,09:57,10:17,1.03070866141732,0.991803278688525,0.0345316934720908,172,0.0174418604651163,0.180232558139535,0.0061494796594134,2026-05-14
4032-FL-Miami-NW 7th St.,-,08:10,06:36,08:49,11:41,09:32,09:56,1.42914171656687,1.0,0.0,137,0.0,0.35036496350365,,2026-05-14
420-FL-Deerfield Beach,-0.0287190611404269,08:59,10:53,06:11,06:47,07:50,09:16,0.840637450199203,1.0,0.0229885057471264,196,0.0,0.183673469387755,,2026-05-14
79-FL-Plantation,-0.137805581616037,07:53,07:43,08:23,06:21,07:37,09:02,0.95369211514393,0.985590778097983,0.206083858591395,297,0.0101010101010101,0.323232323232323,0.0098657166346944,2026-05-14
871-FL-Florida City-Dixie Hwy,-0.0710676360564741,06:48,07:38,07:10,07:43,07:19,09:08,0.808449351896303,0.997663551401869,0.0394926491784376,266,0.0,0.278195488721804,0.018737388296339,2026-05-14
883-FL-Hallandale Beach-W Hallandale Beach Blvd,-0.10243574338692,08:12,09:31,08:25,08:41,08:41,09:34,0.993736951983299,1.0,0.0106534090909091,233,0.0472103004291846,0.248927038626609,,2026-05-14
