Period,Start Date,End Date,Store No,Net Sales,Gross Sales,Food Sales,Beverage Sales,Sales Tax,Void Count,Void Sales,Refund,Cash Over/Short,Checks Total,Check Avg,Labor %,Labor $,Labor REG Hours,Labor SPMH,Online Sales,Total Comps,Total Promos,Total Discount,Discount %,Lunch Sales,Lunch Tickets,Lunch Avg,Lunch %,Snack Sales,Snack Tickets,Snack Avg,Snack %,Dinner Sales,Dinner Tickets,Dinner Avg,Dinner %,Late Sales,Late Tickets,Late Avg,Late %
P5W4,5/17/2026,5/23/2026,79,53581.31,62158.37,53082.31,499.0,4016.55,31.0,189.69,-34.24,-10.92,2265.0,23.66,15.38,8243.45,550.46,97.34,45660.41,476.47,195.43,671.9,1.08,8295.63,368.0,22.54,15.2,10160.69,416.0,24.42,18.62,24763.71,860.0,28.8,45.37,15319.87,621.0,24.67,28.07
P5W4,5/17/2026,5/23/2026,183,44692.12,52067.4,44266.42,425.7,3350.12,94.0,533.43,-3.1,6.9,1937.0,23.07,15.19,6787.48,457.43,96.86,37618.46,416.2,6.98,423.18,0.81,7981.27,335.0,23.82,14.62,10366.95,416.0,24.92,18.99,18944.74,713.0,26.57,34.71,11422.86,473.0,24.15,20.93
P5W4,5/17/2026,5/23/2026,205,61138.09,72622.45,60404.55,733.54,4629.83,102.0,761.94,,-6.85,2839.0,21.54,13.6,8311.74,543.59,104.84,55121.79,327.91,20.94,348.85,0.48,10857.86,439.0,24.73,19.89,11754.17,506.0,23.23,21.53,24779.23,1000.0,24.78,45.4,20574.96,894.0,23.01,37.69
P5W4,5/17/2026,5/23/2026,346,31738.72,36991.16,31308.78,429.94,2388.53,46.0,219.54,,309.82,1320.0,24.04,16.44,5216.45,350.29,90.58,28510.05,305.48,17.45,322.93,0.87,5697.76,227.0,25.1,10.44,6498.83,256.0,25.39,11.91,15596.53,551.0,28.31,28.57,7004.26,286.0,24.49,12.83
P5W4,5/17/2026,5/23/2026,420,30709.32,36567.78,30289.07,420.25,2363.83,22.0,180.88,,-7.38,1331.0,23.07,17.55,5389.98,357.28,85.93,29674.51,281.43,29.52,310.95,0.85,5398.66,242.0,22.31,9.89,5440.04,211.0,25.78,9.97,13454.62,465.0,28.93,24.65,9997.62,413.0,24.21,18.32
P5W4,5/17/2026,5/23/2026,871,49922.09,57930.73,49185.15,736.94,3763.1,49.0,222.99,,7.52,2079.0,24.01,12.02,5999.84,409.41,121.93,44187.51,270.87,18.45,289.32,0.5,9872.96,399.0,24.74,18.09,8993.45,375.0,23.98,16.48,21946.71,761.0,28.84,40.21,13769.81,544.0,25.31,25.23
P5W4,5/17/2026,5/23/2026,883,42151.22,49367.2,41515.4,635.82,3203.03,10.0,56.57,,-8.59,1849.0,22.8,17.63,7430.3,501.92,83.68,36601.34,275.35,158.59,433.94,0.88,6477.19,276.0,23.47,11.87,7796.72,327.0,23.84,14.28,16608.79,628.0,26.45,30.43,15550.72,618.0,25.16,28.49
P5W4,5/17/2026,5/23/2026,1096,49259.23,57647.94,48781.14,478.09,3727.69,93.0,454.98,-20.52,-10.17,2121.0,23.22,14.54,7163.87,494.39,99.64,45728.03,316.14,20.94,337.08,0.58,6982.13,295.0,23.67,12.79,9541.47,372.0,25.65,17.48,23112.93,818.0,28.26,42.34,14529.34,636.0,22.84,26.62
P5W4,5/17/2026,5/23/2026,1167,41802.94,48412.29,41247.1,555.84,3131.24,41.0,187.19,-5.34,5.67,1739.0,24.04,15.82,6613.36,448.89,93.13,38501.81,372.45,71.79,444.24,0.92,6994.04,292.0,23.95,12.81,8533.8,341.0,25.03,15.63,20313.75,674.0,30.14,37.22,9866.7,432.0,22.84,18.08
P5W4,5/17/2026,5/23/2026,1252,51454.95,60251.75,50878.36,576.59,3926.1,12.0,42.26,-53.06,-1.19,2400.0,21.44,14.08,7247.07,507.81,101.33,44658.75,320.63,10.47,331.1,0.55,9839.14,435.0,22.62,18.03,10481.44,442.0,23.71,19.2,20140.44,820.0,24.56,36.9,16371.83,703.0,23.29,29.99
P5W4,5/17/2026,5/23/2026,1677,27612.98,32172.46,27196.64,416.34,2083.34,42.0,198.32,,-0.76,1218.0,22.67,18.07,4989.04,326.97,84.45,22671.17,107.76,15.46,123.22,0.38,5105.44,223.0,22.89,9.35,5427.54,229.0,23.7,9.94,12352.02,446.0,27.7,22.63,7286.67,320.0,22.77,13.35
P5W4,5/17/2026,5/23/2026,1726,31804.09,37703.3,31330.48,473.61,2439.33,14.0,48.65,-10.69,-29.98,1368.0,23.25,16.73,5319.7,367.72,86.49,29792.46,359.76,,359.76,0.95,7460.68,286.0,26.09,13.67,5821.22,225.0,25.87,10.66,11994.29,458.0,26.19,21.97,10326.9,399.0,25.88,18.92
P5W4,5/17/2026,5/23/2026,1771,30580.99,35327.38,30148.0,432.99,2294.75,14.0,65.44,,-1.31,1286.0,23.78,18.37,5616.97,381.71,80.09,25795.06,149.3,31.62,180.92,0.51,4478.43,186.0,24.08,8.2,6738.08,257.0,26.22,12.34,14389.33,518.0,27.78,26.36,7830.85,325.0,24.09,14.35
P5W4,5/17/2026,5/23/2026,1841,35949.25,42775.82,35474.77,474.48,2768.45,35.0,141.36,,-4.64,1622.0,22.16,15.63,5619.18,413.56,86.9,33941.49,290.58,20.94,311.52,0.73,6700.58,319.0,21.0,12.28,6159.54,239.0,25.77,11.28,13709.34,513.0,26.72,25.12,13658.54,551.0,24.79,25.02
P5W4,5/17/2026,5/23/2026,1847,36233.51,42238.52,35770.41,463.1,2725.92,89.0,387.89,,-10.97,1628.0,22.26,14.39,5212.75,377.84,94.6,31217.09,157.27,17.95,175.22,0.41,6578.71,277.0,23.75,12.05,6438.27,276.0,23.33,11.8,15671.64,616.0,25.44,28.71,10799.77,459.0,23.53,19.79
P5W4,5/17/2026,5/23/2026,1848,21804.31,25500.67,21454.72,349.59,1656.02,19.0,85.33,,-0.19,933.0,23.37,17.96,3916.39,302.44,72.09,20280.85,62.46,38.8,101.26,0.4,4620.22,183.0,25.25,8.46,3687.33,149.0,24.75,6.76,9943.94,350.0,28.41,18.22,5926.41,251.0,23.61,10.86
P5W4,5/17/2026,5/23/2026,1864,34188.16,39740.54,33648.42,539.74,2577.29,6.0,16.94,,-3.23,1432.0,23.87,17.08,5838.28,404.42,84.54,31185.01,320.0,,320.0,0.81,7014.59,271.0,25.88,12.85,6594.21,274.0,24.07,12.08,14582.75,524.0,27.83,26.72,9347.71,363.0,25.75,17.13
P5W4,5/17/2026,5/23/2026,1891,30297.74,35857.0,29791.74,506.0,2323.22,20.0,75.62,,-1.95,1241.0,24.41,25.14,7617.73,514.0,57.87,29487.33,218.19,41.79,259.98,0.73,4431.69,193.0,22.96,8.12,6674.98,262.0,25.48,12.23,15110.79,499.0,30.28,27.68,7703.5,287.0,26.84,14.11
P5W4,5/17/2026,5/23/2026,1954,39050.84,45447.0,38441.92,608.92,2953.24,36.0,170.43,,0.51,1685.0,23.18,15.16,5919.71,424.3,92.02,34860.94,104.64,24.43,129.07,0.28,5246.77,232.0,22.62,9.61,8386.41,348.0,24.1,15.36,18029.18,652.0,27.65,33.03,11113.65,453.0,24.53,20.36
P5W4,5/17/2026,5/23/2026,1972,43688.15,51684.81,43014.67,673.48,3367.67,18.0,60.76,,29.9,1812.0,24.11,14.08,6151.88,457.28,95.54,41373.81,114.44,27.92,142.36,0.28,6834.88,272.0,25.13,12.52,7333.6,295.0,24.86,13.44,20789.9,715.0,29.08,38.09,13803.1,530.0,26.04,25.29
P5W4,5/17/2026,5/23/2026,2013,28193.26,32251.82,27680.38,512.88,1955.31,25.0,111.29,-2.12,-0.38,1326.0,21.26,16.14,4549.97,361.02,78.09,20505.52,77.46,18.45,95.91,0.3,5109.73,262.0,19.5,9.36,5504.82,238.0,23.13,10.09,10819.17,430.0,25.16,19.82,9051.1,396.0,22.86,16.58
P5W4,5/17/2026,5/23/2026,2042,30835.14,35985.14,30377.1,458.04,2338.17,22.0,81.38,,-0.23,1362.0,22.64,30.95,9543.79,625.94,49.26,26836.38,124.57,38.39,162.96,0.45,4770.66,213.0,22.4,8.74,6122.22,253.0,24.2,11.22,12787.52,480.0,26.64,23.43,10219.62,416.0,24.57,18.72
P5W4,5/17/2026,5/23/2026,2048,45913.37,53673.55,45262.86,650.51,3490.61,47.0,83.23,-33.58,0.92,2008.0,22.87,14.81,6798.36,463.96,98.96,44995.62,198.97,28.72,227.69,0.42,6808.0,308.0,22.1,12.47,8926.16,350.0,25.5,16.35,20738.02,751.0,27.61,37.99,14130.71,599.0,23.59,25.89
P5W4,5/17/2026,5/23/2026,2118,54597.96,63723.69,53784.06,813.9,4129.02,70.0,270.1,,1.81,2284.0,23.9,14.63,7985.57,568.11,96.09,49461.82,265.09,59.04,324.13,0.51,8809.01,402.0,21.91,16.14,10937.39,437.0,25.03,20.04,25964.07,875.0,29.67,47.57,14342.27,570.0,25.16,26.28
P5W4,5/17/2026,5/23/2026,2290,28782.61,33578.17,28362.44,420.17,2163.46,31.0,166.44,-9.62,-2.46,1246.0,23.1,16.13,4643.48,318.83,90.28,26764.18,331.16,3.49,334.65,1.0,4678.15,202.0,23.16,8.57,5684.75,233.0,24.4,10.41,13806.19,496.0,27.84,25.29,7450.62,315.0,23.65,13.65
P5W4,5/17/2026,5/23/2026,2497,37297.42,42748.41,36898.54,398.88,2596.77,18.0,109.89,,-3.39,1527.0,24.43,14.0,5220.4,359.85,103.65,34513.53,59.26,16.98,76.24,0.18,5272.78,229.0,23.03,9.66,7608.47,284.0,26.79,13.94,17768.61,607.0,29.27,32.55,9982.96,407.0,24.53,18.29
P5W4,5/17/2026,5/23/2026,2602,23705.29,27557.35,23324.41,380.88,1792.47,16.0,82.14,-18.29,-6.2,1002.0,23.66,18.08,4285.2,311.38,76.13,19928.81,74.47,,74.47,0.27,4820.28,184.0,26.2,8.83,4838.92,199.0,24.32,8.87,9656.08,348.0,27.75,17.69,6546.4,271.0,24.16,11.99
P5W4,5/17/2026,5/23/2026,2627,31862.38,37333.77,31354.62,507.76,2426.6,18.0,69.01,-9.62,2.3,1343.0,23.72,15.2,4842.22,321.73,95.54,28718.51,128.16,38.39,166.55,0.45,5625.38,230.0,24.46,10.31,7775.6,291.0,26.72,14.25,11659.68,436.0,26.74,21.36,10118.23,386.0,26.21,18.54
P5W4,5/17/2026,5/23/2026,2696,24551.27,27768.94,24252.87,298.4,1660.93,36.0,241.9,-58.86,-1.68,1167.0,21.04,20.75,5094.66,344.09,71.13,17097.6,276.0,31.41,307.41,1.11,3585.74,183.0,19.59,6.57,3669.86,181.0,20.28,6.72,10497.01,417.0,25.17,19.23,8335.93,386.0,21.6,15.27
P5W4,5/17/2026,5/23/2026,2766,19020.58,22101.14,18689.42,331.16,1433.42,3.0,13.98,,0.81,856.0,22.22,23.4,4450.55,295.89,64.28,15925.51,103.17,73.29,176.46,0.8,3397.26,131.0,25.93,6.22,4062.4,181.0,22.44,7.44,7616.75,290.0,26.26,13.95,5806.51,254.0,22.86,10.64
P5W4,5/17/2026,5/23/2026,2885,23798.52,27334.76,23429.82,368.7,1641.15,23.0,148.11,,-15.84,1093.0,21.77,17.71,4214.96,333.53,71.35,18088.27,220.69,,220.69,0.81,3414.17,150.0,22.76,6.26,4103.39,181.0,22.67,7.52,10263.84,404.0,25.41,18.8,8215.08,358.0,22.95,15.05
P5W4,5/17/2026,5/23/2026,2890,39040.63,45807.2,38414.68,625.95,2946.91,69.0,331.88,,-202.28,1846.0,21.15,18.36,7169.64,456.7,82.31,33565.9,400.98,17.45,418.43,0.91,6436.74,280.0,22.99,11.79,8356.47,382.0,21.88,15.31,15141.79,613.0,24.7,27.74,13172.56,571.0,23.07,24.13
P5W4,5/17/2026,5/23/2026,2893,44120.63,54680.44,43667.54,453.09,3572.82,,,,4.29,1707.0,25.85,16.98,7491.19,430.09,93.91,55400.18,59.26,,59.26,0.11,7201.46,284.0,25.36,13.19,8849.23,276.0,32.06,16.21,19702.87,619.0,31.83,36.1,16048.81,528.0,30.4,29.4
P5W4,5/17/2026,5/23/2026,2974,27829.19,32586.4,27418.01,411.18,1968.7,6.0,20.17,,-12.4,1259.0,22.1,19.12,5321.97,373.69,74.47,27615.82,138.69,,138.69,0.43,5523.18,228.0,24.22,10.12,4976.55,199.0,25.01,9.12,11808.87,449.0,26.3,21.63,8657.54,383.0,22.6,15.86
P5W4,5/17/2026,5/23/2026,2976,26941.2,31412.47,26597.67,343.53,2039.32,20.0,91.03,,-1.6,1094.0,24.63,17.87,4814.47,326.52,82.51,25611.46,128.57,10.5,139.07,0.44,4975.84,193.0,25.78,9.12,5386.69,207.0,26.02,9.87,12038.84,403.0,29.87,22.06,7219.86,291.0,24.81,13.23
P5W4,5/17/2026,5/23/2026,3013,27128.08,31686.19,26698.18,429.9,2042.4,52.0,216.84,,-1.69,1233.0,22.0,16.09,4363.99,289.95,93.27,22965.29,199.32,45.37,244.69,0.77,5481.47,235.0,23.33,10.04,6163.76,266.0,23.17,11.29,12159.2,466.0,26.09,22.28,6141.87,266.0,23.09,11.25
P5W4,5/17/2026,5/23/2026,3200,19579.17,22634.09,19267.36,311.81,1365.09,24.0,122.61,-18.41,153.63,882.0,22.2,18.1,3543.44,237.87,81.08,16524.08,66.0,68.3,134.3,0.59,3676.33,181.0,20.31,6.74,3175.72,133.0,23.88,5.82,8424.1,313.0,26.91,15.43,6151.45,255.0,24.12,11.27
P5W4,5/17/2026,5/23/2026,3210,6464.24,7705.54,6354.99,109.25,470.14,9.0,33.37,,-0.38,331.0,19.53,89.23,5768.13,394.82,16.23,3210.56,143.4,337.44,480.84,6.24,1787.18,72.0,24.82,3.27,1655.55,77.0,21.5,3.03,2029.55,78.0,26.02,3.72,1858.61,104.0,17.87,3.41
P5W4,5/17/2026,5/23/2026,3317,23791.08,27552.17,23516.28,274.8,1775.55,41.0,217.48,,-12.87,990.0,24.03,23.79,5658.93,361.55,65.54,20974.68,144.21,41.41,185.62,0.67,4295.16,194.0,22.14,7.87,4454.71,174.0,25.6,8.16,11937.27,401.0,29.77,21.87,5172.82,221.0,23.41,9.48
P5W4,5/17/2026,5/23/2026,4032,32199.47,37359.82,31644.77,554.7,2425.58,43.0,183.43,,0.69,1455.0,22.13,18.18,5852.36,413.45,75.96,24899.89,82.21,10.47,92.68,0.25,5947.77,289.0,20.58,10.9,6079.32,255.0,23.84,11.14,13261.95,506.0,26.21,24.3,9816.27,405.0,24.24,17.98
P6W1,5/24/2026,5/30/2026,79,51565.82,60205.06,51031.0,534.82,3816.12,97.0,443.97,-70.25,-7.01,2263.0,22.79,17.22,8880.7,593.31,86.91,44643.66,868.39,209.28,1077.67,1.79,8519.45,339.0,25.13,16.05,10335.91,429.0,24.09,19.48,22218.51,839.0,26.48,41.87,15614.35,656.0,23.8,29.42
P6W1,5/24/2026,5/30/2026,183,51169.28,59377.66,50684.78,484.5,3822.74,52.0,222.46,-29.73,-21.3,2222.0,23.03,13.66,6987.21,472.04,108.4,42454.61,817.89,17.45,835.34,1.41,9173.51,379.0,24.2,17.29,11387.74,449.0,25.36,21.46,21517.27,806.0,26.7,40.55,14031.25,588.0,23.86,26.44
P6W1,5/24/2026,5/30/2026,205,58092.48,68325.64,57456.2,636.28,4445.01,,,,-0.23,2734.0,21.25,13.0,7552.13,491.68,109.26,50601.89,520.86,17.45,538.31,0.79,9133.31,412.0,22.17,17.21,10992.82,477.0,23.05,20.72,23248.77,943.0,24.65,43.81,21006.41,902.0,23.29,39.59
P6W1,5/24/2026,5/30/2026,346,32385.13,37708.45,31983.44,401.69,2425.75,51.0,213.67,,49.85,1337.0,24.22,15.77,5107.58,344.94,93.85,28811.42,470.95,10.47,481.42,1.28,4659.55,194.0,24.02,8.78,6258.99,241.0,25.97,11.79,17099.16,571.0,29.95,32.22,7545.93,331.0,22.8,14.22
P6W1,5/24/2026,5/30/2026,420,27893.04,33156.9,27512.36,380.68,2120.45,57.0,269.4,-19.79,-13.25,1248.0,22.35,19.62,5472.15,363.59,76.69,25164.24,489.21,44.28,533.49,1.61,4305.66,178.0,24.19,8.11,5252.36,200.0,26.26,9.9,12191.06,461.0,26.44,22.97,9289.64,409.0,22.71,17.51
P6W1,5/24/2026,5/30/2026,871,47965.66,56189.77,47381.86,583.8,3612.79,80.0,334.14,-18.72,16.62,2011.0,23.85,12.92,6197.56,422.25,113.6,44184.19,711.73,18.45,730.18,1.3,9436.97,369.0,25.57,17.78,10956.52,421.0,26.02,20.65,20949.6,727.0,28.82,39.48,11722.6,494.0,23.73,22.09
P6W1,5/24/2026,5/30/2026,883,42483.78,49960.02,41795.25,688.53,3220.93,18.0,84.5,,0.95,1858.0,22.87,16.4,6965.38,465.76,87.28,37369.28,655.14,64.72,719.86,1.44,7470.0,302.0,24.74,14.08,7984.69,340.0,23.48,15.05,16824.44,627.0,26.83,31.7,14768.8,589.0,25.07,27.83
P6W1,5/24/2026,5/30/2026,1096,49985.92,58297.44,49462.98,522.94,3753.7,69.0,360.2,-19.24,-4.78,2222.0,22.5,13.77,6885.39,474.55,105.33,43342.88,661.35,25.74,687.09,1.18,7909.51,312.0,25.35,14.91,9332.18,367.0,25.43,17.59,21428.36,821.0,26.1,40.38,16172.78,722.0,22.4,30.48
P6W1,5/24/2026,5/30/2026,1167,41893.8,48609.57,41310.34,583.46,3129.56,43.0,182.01,-20.63,-51.64,1741.0,24.06,15.27,6396.24,425.66,98.42,37241.8,613.75,57.14,670.89,1.38,7185.73,275.0,26.13,13.54,8228.65,319.0,25.8,15.51,19146.57,662.0,28.92,36.08,11300.29,485.0,23.3,21.29
P6W1,5/24/2026,5/30/2026,1252,46292.99,54004.26,45711.87,581.12,3499.68,19.0,132.17,,-1.0,2222.0,20.83,14.43,6682.25,465.08,99.54,39281.64,481.6,17.45,499.05,0.92,8579.17,372.0,23.06,16.17,9096.49,424.0,21.45,17.14,18490.63,761.0,24.3,34.84,14614.14,665.0,21.98,27.54
P6W1,5/24/2026,5/30/2026,1677,29209.92,33773.4,28867.83,342.09,2189.82,1.0,1.99,,0.43,1249.0,23.39,17.51,5114.83,334.93,87.21,24101.93,263.06,29.54,292.6,0.87,5724.75,221.0,25.9,10.79,5970.57,233.0,25.62,11.25,13148.18,487.0,27.0,24.78,7108.12,308.0,23.08,13.39
P6W1,5/24/2026,5/30/2026,1726,30359.95,36316.53,29867.54,492.41,2316.31,32.0,134.1,-38.27,-1.98,1350.0,22.49,18.36,5574.96,384.06,79.05,27927.64,765.97,,765.97,2.11,6106.66,237.0,25.77,11.51,5589.69,239.0,23.39,10.53,12076.23,455.0,26.54,22.76,10366.24,419.0,24.74,19.53
P6W1,5/24/2026,5/30/2026,1771,31961.94,37115.36,31590.57,371.37,2398.48,15.0,71.42,,-2.4,1351.0,23.66,17.67,5648.73,384.51,83.09,28907.15,341.49,31.41,372.9,1.0,5188.11,203.0,25.56,9.78,6956.2,264.0,26.35,13.11,14729.92,525.0,28.06,27.76,8469.52,359.0,23.59,15.96
P6W1,5/24/2026,5/30/2026,1841,39050.01,46492.83,38484.78,565.23,3009.06,20.0,100.54,,5.79,1704.0,22.92,14.58,5695.12,421.5,92.62,35703.94,331.29,55.84,387.13,0.83,7518.35,314.0,23.94,14.17,7838.12,293.0,26.75,14.77,14093.91,523.0,26.95,26.56,14160.23,574.0,24.67,26.68
P6W1,5/24/2026,5/30/2026,1847,37708.28,44245.88,37199.82,508.46,2843.32,61.0,272.07,,9.07,1748.0,21.57,15.35,5790.06,397.77,88.28,31979.88,481.74,21.54,503.28,1.14,7216.94,311.0,23.21,13.6,7440.09,312.0,23.85,14.02,14793.58,603.0,24.53,27.88,11995.46,522.0,22.98,22.6
P6W1,5/24/2026,5/30/2026,1848,23573.99,27584.07,23147.7,426.29,1783.5,5.0,20.47,,0.42,1007.0,23.41,17.04,4016.52,310.82,75.84,20908.28,261.38,33.11,294.49,1.07,5016.31,181.0,27.71,9.45,3927.21,158.0,24.86,7.4,11178.12,398.0,28.09,21.06,5936.66,270.0,21.99,11.19
P6W1,5/24/2026,5/30/2026,1864,34469.33,40519.91,33981.47,487.86,2604.1,15.0,58.85,,-1.75,1485.0,23.21,17.01,5863.04,404.2,85.28,32060.3,648.2,,648.2,1.6,6971.3,271.0,25.72,13.14,6629.47,260.0,25.5,12.49,15109.78,548.0,27.57,28.47,9553.47,406.0,23.53,18.0
P6W1,5/24/2026,5/30/2026,1891,28536.13,33591.39,28027.03,509.1,2177.73,5.0,34.69,,-2.17,1164.0,24.52,19.26,5494.65,385.13,74.08,28303.34,226.29,41.88,268.17,0.8,4809.93,178.0,27.02,9.06,6462.12,253.0,25.54,12.18,13190.46,440.0,29.98,24.86,7408.62,293.0,25.29,13.96
P6W1,5/24/2026,5/30/2026,1954,41424.89,48490.11,40866.27,558.62,3125.72,34.0,140.47,,19.96,1753.0,23.63,14.7,6088.04,437.81,94.6,36708.77,526.56,35.39,561.95,1.16,6342.09,277.0,22.9,11.95,8474.75,328.0,25.84,15.97,18605.79,660.0,28.19,35.06,12371.75,488.0,25.35,23.31
P6W1,5/24/2026,5/30/2026,1972,42962.59,50826.49,42221.9,740.69,3301.5,10.0,40.76,,-0.32,1896.0,22.66,15.17,6516.32,471.77,89.89,39539.15,301.16,17.45,318.61,0.63,8615.82,346.0,24.9,16.24,9190.31,358.0,25.67,17.32,17867.39,670.0,26.67,33.67,12374.73,522.0,23.71,23.32
P6W1,5/24/2026,5/30/2026,2013,29549.3,33762.28,29035.74,513.56,2042.08,23.0,82.12,,-1.33,1381.0,21.4,15.72,4646.48,364.4,81.09,22494.33,213.98,,213.98,0.63,5266.22,226.0,23.3,9.92,5414.4,233.0,23.24,10.2,11783.03,481.0,24.5,22.2,9673.74,441.0,21.94,18.23
P6W1,5/24/2026,5/30/2026,2042,30329.04,35633.46,29814.7,514.34,2291.31,51.0,212.23,,1.7,1350.0,22.47,32.27,9786.41,647.36,46.85,26015.35,362.32,31.41,393.73,1.1,4519.9,182.0,24.83,8.52,5954.36,239.0,24.91,11.22,12489.14,479.0,26.07,23.54,10543.26,450.0,23.43,19.87
P6W1,5/24/2026,5/30/2026,2048,45655.48,53309.87,45099.66,555.82,3439.39,64.0,301.26,,4.6,1942.0,23.51,15.18,6932.34,474.84,96.15,43273.47,409.24,25.13,434.37,0.81,6581.97,279.0,23.59,12.4,9626.32,349.0,27.58,18.14,19287.6,678.0,28.45,36.35,14653.96,636.0,23.04,27.61
P6W1,5/24/2026,5/30/2026,2118,57523.15,67441.23,56658.05,865.1,4361.97,48.0,220.68,,0.87,2341.0,24.57,13.87,7978.78,567.76,101.3,53742.17,499.11,36.9,536.01,0.79,9775.97,359.0,27.23,18.42,10626.5,421.0,25.24,20.03,26065.89,891.0,29.25,49.12,17118.31,670.0,25.55,32.26
P6W1,5/24/2026,5/30/2026,2290,31840.88,36842.07,31384.49,456.39,2277.4,11.0,48.17,,0.1,1277.0,24.93,14.46,4604.01,315.31,100.98,28111.24,464.93,3.49,468.42,1.27,6584.33,215.0,30.62,12.41,6207.48,241.0,25.76,11.7,14531.19,505.0,28.77,27.38,7574.58,316.0,23.97,14.27
P6W1,5/24/2026,5/30/2026,2497,35884.32,41449.15,35484.45,399.87,2494.41,32.0,169.49,-63.04,-1.69,1551.0,23.14,15.42,5534.78,383.94,93.46,32712.38,395.45,3.49,398.94,0.96,6330.55,258.0,24.54,11.93,6978.68,290.0,24.06,13.15,15943.18,597.0,26.71,30.04,10122.46,406.0,24.93,19.08
P6W1,5/24/2026,5/30/2026,2602,24544.38,28400.6,24215.81,328.57,1840.2,5.0,17.18,,-1.2,1061.0,23.13,18.06,4433.92,321.84,76.26,20584.21,252.18,,252.18,0.89,4490.46,170.0,26.41,8.46,3911.69,165.0,23.71,7.37,11115.59,419.0,26.53,20.95,7319.01,307.0,23.84,13.79
P6W1,5/24/2026,5/30/2026,2627,31942.47,37267.32,31408.78,533.69,2411.86,7.0,38.38,,0.59,1355.0,23.57,15.55,4966.41,349.9,91.29,27973.56,306.02,45.37,351.39,0.94,6237.63,246.0,25.36,11.75,5861.42,245.0,23.92,11.05,12883.59,467.0,27.59,24.28,10182.62,397.0,25.65,19.19
P6W1,5/24/2026,5/30/2026,2696,25139.09,28693.03,24852.53,286.56,1720.43,16.0,23.2,,-48.78,1231.0,20.42,18.68,4694.94,308.22,79.66,18791.34,459.62,17.45,477.07,1.66,4295.67,214.0,20.07,8.1,4041.63,174.0,23.23,7.62,10170.2,435.0,23.38,19.17,8758.41,408.0,21.47,16.5
P6W1,5/24/2026,5/30/2026,2766,19797.55,23123.59,19517.99,279.56,1491.15,16.0,76.65,,0.12,876.0,22.6,22.22,4399.8,290.03,68.26,16957.7,218.1,31.41,249.51,1.08,2966.28,120.0,24.72,5.59,3493.46,142.0,24.6,6.58,8231.21,313.0,26.3,15.51,7085.01,301.0,23.54,13.35
P6W1,5/24/2026,5/30/2026,2885,24265.59,27963.4,23897.3,368.29,1669.92,40.0,270.89,,137.4,1130.0,21.47,17.31,4200.51,323.18,75.08,18115.41,316.84,2.89,319.73,1.14,4239.8,183.0,23.17,7.99,4528.11,184.0,24.61,8.53,9544.02,382.0,24.98,17.99,8017.93,381.0,21.04,15.11
P6W1,5/24/2026,5/30/2026,2890,37318.04,43832.21,36756.0,562.04,2794.62,117.0,456.24,,1.57,1811.0,20.61,18.13,6764.79,452.77,81.71,31265.92,600.48,47.07,647.55,1.48,6255.1,276.0,22.66,11.79,7582.35,356.0,21.3,14.29,15134.46,632.0,23.95,28.52,12338.75,547.0,22.56,23.25
P6W1,5/24/2026,5/30/2026,2893,43099.92,53467.84,42628.56,471.36,3487.56,,,,-0.5,1684.0,25.59,17.06,7353.29,406.44,94.7,54159.42,149.03,,149.03,0.28,7477.77,285.0,26.24,14.09,9580.2,293.0,32.7,18.05,18498.15,596.0,31.04,34.86,15230.45,510.0,29.86,28.7
P6W1,5/24/2026,5/30/2026,2974,27878.46,32771.34,27519.33,359.13,1975.24,12.0,79.93,-10.65,-47.97,1260.0,22.13,19.81,5523.42,387.07,72.02,26946.18,317.71,,317.71,0.97,6023.25,251.0,24.0,11.35,4496.46,192.0,23.42,8.47,11525.93,454.0,25.39,21.72,9053.78,363.0,24.94,17.06
P6W1,5/24/2026,5/30/2026,2976,27528.6,32445.05,27245.76,282.84,2086.78,45.0,154.26,,-3.1,1132.0,24.32,16.5,4541.96,312.28,88.15,25903.87,335.51,47.61,383.12,1.18,4357.21,176.0,24.76,8.21,5347.89,192.0,27.85,10.08,12739.2,416.0,30.62,24.01,8150.22,348.0,23.42,15.36
P6W1,5/24/2026,5/30/2026,3013,25805.41,30057.76,25432.72,372.69,1939.47,17.0,68.15,,0.21,1121.0,23.02,18.06,4661.18,312.47,82.56,21601.87,327.31,10.47,337.78,1.12,4239.95,200.0,21.2,7.99,5640.25,232.0,24.31,10.63,11689.12,402.0,29.08,22.03,6960.59,287.0,24.25,13.12
P6W1,5/24/2026,5/30/2026,3200,20194.07,23560.99,19866.68,327.39,1419.35,9.0,44.75,-18.41,82.73,891.0,22.66,19.46,3930.73,269.64,74.89,17952.34,179.51,75.69,255.2,1.08,4303.88,180.0,23.91,8.11,3815.64,149.0,25.61,7.19,8389.88,300.0,27.97,15.81,5767.13,262.0,22.01,10.87
P6W1,5/24/2026,5/30/2026,3210,17021.39,19630.08,16782.92,238.47,1241.97,24.0,122.7,-15.5,0.87,807.0,21.09,38.36,6528.7,448.42,37.96,10372.14,246.6,269.31,515.91,2.63,3707.78,163.0,22.75,6.99,3437.6,147.0,23.39,6.48,7134.72,292.0,24.43,13.45,4429.63,205.0,21.61,8.35
P6W1,5/24/2026,5/30/2026,3317,22029.83,25767.35,21767.51,262.32,1653.88,10.0,33.08,,-25.24,935.0,23.56,28.31,6235.74,433.83,48.69,20547.81,382.09,62.46,444.55,1.73,3173.31,139.0,22.83,5.98,4036.25,157.0,25.71,7.61,10769.09,372.0,28.95,20.29,6375.9,267.0,23.88,12.02
P6W1,5/24/2026,5/30/2026,4032,34159.66,39915.65,33575.62,584.04,2586.84,15.0,51.87,,2.51,1489.0,22.94,16.36,5588.43,394.33,86.63,28080.56,282.0,29.62,311.62,0.78,5688.5,253.0,22.48,10.72,6849.69,266.0,25.75,12.91,14803.24,549.0,26.96,27.9,10375.97,421.0,24.65,19.55
P6W2,5/31/2026,6/6/2026,79,55391.98,65211.34,54853.14,538.84,4178.79,55.0,347.32,,11.01,2398.0,23.1,15.32,8488.68,565.4,97.97,49980.12,875.47,209.38,1084.85,1.66,8832.0,396.0,22.3,15.12,10274.87,416.0,24.7,17.59,25780.19,898.0,28.71,44.14,16434.89,688.0,23.89,28.14
P6W2,5/31/2026,6/6/2026,183,52698.31,61610.85,52213.81,484.5,3928.27,118.0,667.27,,-683.26,2280.0,23.11,13.46,7093.02,478.73,110.08,44191.46,897.7,3.49,901.19,1.46,10297.44,400.0,25.74,17.63,10139.17,434.0,23.36,17.36,22636.88,831.0,27.24,38.76,14623.17,615.0,23.78,25.04
P6W2,5/31/2026,6/6/2026,205,55338.48,64761.5,54689.52,648.96,4198.23,,,,-1.57,2682.0,20.63,14.72,8145.13,531.63,96.81,46918.17,709.62,27.92,737.54,1.14,9315.81,427.0,21.82,15.95,10035.55,439.0,22.86,17.18,23114.57,964.0,23.98,39.58,18834.08,852.0,22.11,32.25
P6W2,5/31/2026,6/6/2026,346,33691.66,39318.24,33269.8,421.86,2535.69,27.0,123.0,,1.85,1392.0,24.2,15.44,5200.45,339.79,93.99,30209.9,469.93,34.9,504.83,1.28,5454.95,236.0,23.11,9.34,6744.25,251.0,26.87,11.55,15753.28,521.0,30.24,26.97,9091.87,384.0,23.68,15.57
P6W2,5/31/2026,6/6/2026,420,30436.58,36153.95,29997.02,439.56,2328.01,28.0,116.19,-2.13,-90.95,1327.0,22.94,18.2,5539.13,367.4,80.57,28436.9,493.64,22.14,515.78,1.43,5306.19,223.0,23.79,9.09,4895.46,207.0,23.65,8.38,13978.18,506.0,27.62,23.93,9984.0,391.0,25.53,17.09
P6W2,5/31/2026,6/6/2026,871,52884.52,62030.53,52156.51,728.01,3987.29,71.0,296.39,,12.09,2226.0,23.76,12.27,6487.45,442.43,119.53,47430.43,884.05,14.76,898.81,1.45,10633.44,428.0,24.84,18.21,10586.43,399.0,26.53,18.13,22457.57,782.0,28.72,38.45,14728.51,617.0,23.87,25.22
P6W2,5/31/2026,6/6/2026,883,43275.37,50876.1,42582.2,693.17,3278.33,32.0,118.49,,22.62,1948.0,22.22,15.23,6588.99,444.13,96.42,36565.37,634.84,99.19,734.03,1.44,7172.48,307.0,23.36,12.28,7488.64,336.0,22.29,12.82,17778.06,660.0,26.94,30.44,15494.14,645.0,24.02,26.53
P6W2,5/31/2026,6/6/2026,1096,50903.64,59951.28,50232.3,671.34,3854.57,87.0,437.64,-5.87,-61.83,2276.0,22.37,13.43,6837.36,472.97,107.63,46590.47,690.53,27.74,718.27,1.2,7427.24,294.0,25.26,12.72,8922.81,401.0,22.25,15.28,22850.04,851.0,26.85,39.12,17222.36,730.0,23.59,29.49
P6W2,5/31/2026,6/6/2026,1167,44493.91,52054.71,43794.21,699.7,3334.15,34.0,179.78,,-140.85,1911.0,23.28,15.71,6989.62,470.61,94.55,38516.94,932.38,69.8,1002.18,1.93,6940.68,290.0,23.93,11.88,7775.59,337.0,23.07,13.31,21642.0,754.0,28.7,37.05,12866.26,530.0,24.28,22.03
P6W2,5/31/2026,6/6/2026,1252,51624.02,60466.69,51029.76,594.26,3895.38,13.0,52.06,-22.35,-3.18,2428.0,21.26,13.6,7021.85,489.34,105.5,43338.64,719.83,24.43,744.26,1.23,9786.72,428.0,22.87,16.76,10107.86,435.0,23.24,17.31,19025.71,784.0,24.27,32.57,18123.71,781.0,23.21,31.03
P6W2,5/31/2026,6/6/2026,1677,28936.5,33550.07,28508.07,428.43,2167.33,23.0,105.61,,2.2,1226.0,23.6,17.7,5121.66,335.34,86.29,23328.55,283.33,25.13,308.46,0.92,5366.88,206.0,26.05,9.19,5969.03,233.0,25.62,10.22,13882.0,503.0,27.6,23.77,6405.72,284.0,22.56,10.97
P6W2,5/31/2026,6/6/2026,1726,32612.92,38934.51,32128.11,484.81,2501.6,31.0,152.21,,4.72,1391.0,23.45,16.03,5229.33,355.53,91.73,31477.74,533.65,,533.65,1.37,7384.03,311.0,23.74,12.64,5835.61,225.0,25.94,9.99,13780.54,463.0,29.76,23.59,9666.87,392.0,24.66,16.55
P6W2,5/31/2026,6/6/2026,1771,32811.22,38314.65,32279.74,531.48,2474.14,21.0,90.04,,-20.08,1412.0,23.24,17.59,5771.01,392.82,83.51,29100.39,343.55,48.86,392.41,1.02,5553.25,229.0,24.25,9.51,6542.02,259.0,25.26,11.2,14824.17,514.0,28.84,25.38,9506.03,410.0,23.19,16.28
P6W2,5/31/2026,6/6/2026,1841,36961.96,44100.99,36414.04,547.92,2845.84,29.0,142.78,,-9.13,1625.0,22.75,17.04,6299.46,457.4,78.72,35061.96,448.8,3.49,452.29,1.03,8245.43,344.0,23.97,14.12,5548.07,229.0,24.23,9.5,14784.64,536.0,27.58,25.31,12893.81,516.0,24.99,22.08
P6W2,5/31/2026,6/6/2026,1847,38281.78,45093.82,37789.3,492.48,2894.24,55.0,267.94,,-12.36,1723.0,22.22,15.7,6010.34,413.39,85.1,33060.97,566.64,14.36,581.0,1.29,7470.28,328.0,22.78,12.79,7409.9,307.0,24.14,12.69,15513.12,573.0,27.07,26.56,11981.75,515.0,23.27,20.51
P6W2,5/31/2026,6/6/2026,1848,23514.89,27804.85,23074.42,440.47,1790.6,14.0,46.35,,-0.77,1013.0,23.21,16.71,3930.32,307.47,76.48,21835.17,368.29,13.96,382.25,1.37,3960.67,160.0,24.75,6.78,4317.24,182.0,23.72,7.39,11467.26,400.0,28.67,19.63,6668.17,271.0,24.61,11.42
P6W2,5/31/2026,6/6/2026,1864,35304.61,41319.9,34753.66,550.95,2664.7,14.0,49.45,,0.84,1499.0,23.55,16.62,5868.96,403.95,87.4,31793.98,521.09,3.49,524.58,1.27,6792.33,293.0,23.18,11.63,7090.88,275.0,25.79,12.14,15731.72,555.0,28.35,26.94,9457.34,376.0,25.15,16.19
P6W2,5/31/2026,6/6/2026,1891,28185.92,33565.09,27803.22,382.7,2164.75,18.0,66.84,,-0.24,1151.0,24.49,21.22,5981.03,370.65,70.4,27904.85,355.52,48.86,404.38,1.2,4512.71,167.0,27.02,7.73,5428.35,221.0,24.56,9.29,13485.48,439.0,30.72,23.09,8491.67,324.0,26.21,14.54
P6W2,5/31/2026,6/6/2026,1954,39559.72,46475.84,38944.31,615.41,2995.47,26.0,125.92,,-0.21,1623.0,24.37,15.24,6029.82,436.75,90.52,36519.58,528.73,26.72,555.45,1.2,6631.28,258.0,25.7,11.35,8105.35,309.0,26.23,13.88,18036.6,603.0,29.91,30.88,11287.88,453.0,24.92,19.33
P6W2,5/31/2026,6/6/2026,1972,44596.92,52988.53,43892.13,704.79,3432.92,23.0,102.52,,17.22,1887.0,23.63,13.42,5982.86,425.27,103.36,42090.5,392.07,17.45,409.52,0.77,9155.25,360.0,25.43,15.68,7488.48,295.0,25.38,12.82,19451.6,701.0,27.75,33.3,13879.0,531.0,26.14,23.76
P6W2,5/31/2026,6/6/2026,2013,27525.44,31456.12,27118.09,407.35,1897.27,41.0,150.16,,1.63,1245.0,22.11,17.69,4869.87,362.27,75.98,20438.78,207.67,7.38,215.05,0.68,4970.63,213.0,23.34,8.51,4831.68,212.0,22.79,8.27,10997.78,428.0,25.7,18.83,8928.84,392.0,22.78,15.29
P6W2,5/31/2026,6/6/2026,2042,32004.9,37700.79,31518.56,486.34,2418.6,33.0,143.34,-16.04,-4.97,1384.0,23.12,33.41,10691.3,704.46,45.43,27044.4,526.16,55.66,581.82,1.54,4453.93,198.0,22.49,7.63,5709.07,227.0,25.15,9.77,13858.3,498.0,27.83,23.73,11490.01,461.0,24.92,19.67
P6W2,5/31/2026,6/6/2026,2048,46220.39,54295.05,45704.38,516.01,3505.25,38.0,165.55,,0.18,1934.0,23.9,14.84,6857.75,469.9,98.36,45119.5,535.19,7.18,542.37,1.0,8192.75,281.0,29.16,14.03,8017.19,318.0,25.21,13.73,20801.93,743.0,28.0,35.62,14266.58,592.0,24.1,24.43
P6W2,5/31/2026,6/6/2026,2118,58354.65,68538.14,57376.29,978.36,4411.92,70.0,375.11,,2.8,2420.0,24.11,14.49,8455.65,601.76,96.97,54045.18,681.99,30.62,712.61,1.04,9723.68,406.0,23.95,16.65,11883.04,449.0,26.47,20.35,25410.02,871.0,29.17,43.51,17565.4,694.0,25.31,30.07
P6W2,5/31/2026,6/6/2026,2290,28225.38,32977.78,27852.72,372.66,2114.14,20.0,151.6,-16.04,-2.7,1207.0,23.38,15.79,4458.12,305.44,92.41,25742.15,502.72,,502.72,1.52,4516.72,186.0,24.28,7.73,4804.39,201.0,23.9,8.23,12935.0,480.0,26.95,22.15,8809.97,340.0,25.91,15.08
P6W2,5/31/2026,6/6/2026,2497,36443.96,42048.99,36046.07,397.89,2535.13,12.0,49.54,,-5.89,1546.0,23.57,16.1,5867.1,407.23,89.49,32994.32,424.48,24.46,448.94,1.07,5058.28,216.0,23.42,8.66,6398.67,266.0,24.06,10.96,18156.37,638.0,28.46,31.09,10431.02,426.0,24.49,17.86
P6W2,5/31/2026,6/6/2026,2602,23635.97,27757.01,23305.57,330.4,1790.01,16.0,73.24,,-1.14,1029.0,22.97,18.51,4374.28,334.02,70.28,20519.59,317.66,3.49,321.15,1.16,4683.22,204.0,22.96,8.02,3503.68,157.0,22.32,6.0,10660.08,374.0,28.5,18.25,7266.65,294.0,24.72,12.44
P6W2,5/31/2026,6/6/2026,2627,30838.24,36221.54,30394.52,443.72,2340.44,7.0,39.76,,0.16,1305.0,23.63,15.95,4919.11,346.64,88.96,27351.29,363.0,39.89,402.89,1.11,7120.38,278.0,25.61,12.19,5380.2,214.0,25.14,9.21,12255.34,452.0,27.11,20.98,9349.99,361.0,25.9,16.01
P6W2,5/31/2026,6/6/2026,2696,25359.53,29171.59,25027.58,331.95,1727.83,63.0,282.78,,-0.23,1218.0,20.82,25.68,6512.99,443.11,57.23,19026.83,486.93,83.13,570.06,1.95,4238.12,206.0,20.57,7.26,3845.69,185.0,20.79,6.58,11099.01,451.0,24.61,19.0,8220.8,376.0,21.86,14.08
P6W2,5/31/2026,6/6/2026,2766,19311.55,22622.2,19054.0,257.55,1463.94,1.0,1.99,,-0.09,887.0,21.77,22.58,4360.81,287.47,67.18,16851.69,205.14,34.9,240.04,1.06,2929.03,126.0,23.25,5.01,3737.03,164.0,22.79,6.4,8574.24,325.0,26.38,14.68,6157.55,272.0,22.64,10.54
P6W2,5/31/2026,6/6/2026,2885,23348.61,26800.37,22958.1,390.51,1600.5,37.0,154.35,,-23.16,1112.0,21.0,18.75,4379.0,333.38,70.04,16877.86,413.27,,413.27,1.54,3356.92,149.0,22.53,5.75,3929.42,171.0,22.98,6.73,9910.0,405.0,24.47,16.97,8051.73,387.0,20.81,13.79
P6W2,5/31/2026,6/6/2026,2890,31347.44,36862.14,30912.03,435.41,2342.52,91.0,452.07,,-198.14,1458.0,21.5,22.7,7115.22,447.54,67.21,24888.31,579.06,10.48,589.54,1.6,6158.68,256.0,24.06,10.54,6323.9,274.0,23.08,10.83,12906.77,514.0,25.11,22.1,9264.42,414.0,22.38,15.86
P6W2,5/31/2026,6/6/2026,2893,44124.65,54958.07,43660.19,464.46,3573.64,,,,-0.5,1744.0,25.3,16.56,7308.9,445.2,95.37,55899.48,318.69,,318.69,0.58,8770.17,339.0,25.87,15.02,7296.11,257.0,28.39,12.49,19813.22,621.0,31.91,33.92,16726.44,527.0,31.74,28.64
P6W2,5/31/2026,6/6/2026,2974,27600.33,32696.21,27246.75,353.58,1957.61,38.0,154.69,,-33.47,1283.0,21.51,19.41,5356.0,366.04,74.17,26587.01,456.63,,456.63,1.4,5273.1,237.0,22.25,9.03,4677.12,212.0,22.06,8.01,12719.13,477.0,26.66,21.78,8353.69,357.0,23.4,14.3
P6W2,5/31/2026,6/6/2026,2976,26289.69,30928.14,25964.61,325.08,1999.16,10.0,58.76,,-1.44,1127.0,23.33,18.95,4981.05,343.52,76.53,24420.68,300.04,5.19,305.23,0.99,4443.91,188.0,23.64,7.61,4857.98,178.0,27.29,8.32,11689.33,403.0,29.01,20.01,8187.99,358.0,22.87,14.02
P6W2,5/31/2026,6/6/2026,3013,26553.74,31259.17,26149.04,404.7,2009.47,39.0,170.68,,-0.15,1153.0,23.03,18.75,4977.6,335.74,79.07,23335.0,363.28,3.49,366.77,1.17,4971.13,206.0,24.13,8.51,5011.09,198.0,25.31,8.58,12474.45,431.0,28.94,21.36,7177.91,318.0,22.57,12.29
P6W2,5/31/2026,6/6/2026,3200,19240.49,22308.73,18973.55,266.94,1346.56,6.0,21.27,,-7.76,913.0,21.07,20.42,3929.23,264.07,71.76,16370.48,158.25,57.94,216.19,0.97,3631.87,179.0,20.29,6.22,3336.12,143.0,23.33,5.71,8421.23,327.0,25.75,14.42,5738.14,264.0,21.74,9.82
P6W2,5/31/2026,6/6/2026,3210,20587.91,23832.35,20242.91,345.0,1503.73,20.0,111.63,,-0.53,929.0,22.16,27.74,5710.24,389.75,52.82,13949.41,385.53,342.98,728.51,3.06,3891.31,174.0,22.36,6.66,3538.81,151.0,23.44,6.06,9032.01,348.0,25.95,15.46,5960.82,256.0,23.28,10.21
P6W2,5/31/2026,6/6/2026,3317,22351.41,26422.83,22023.48,327.93,1681.71,16.0,76.16,,1.01,951.0,23.5,24.18,5405.47,379.97,57.3,20284.56,614.71,15.67,630.38,2.39,3820.55,153.0,24.97,6.54,3763.84,155.0,24.28,6.44,10433.17,350.0,29.81,17.86,6839.67,293.0,23.34,11.71
P6W2,5/31/2026,6/6/2026,4032,32668.47,38381.31,32093.73,574.74,2480.01,22.0,77.75,,0.82,1430.0,22.85,17.51,5719.96,402.69,81.13,28004.89,349.48,40.0,389.48,1.01,6107.33,252.0,24.24,10.46,5719.26,241.0,23.73,9.79,14220.21,537.0,26.48,24.35,10261.47,400.0,25.65,17.57
P6W3,6/7/2026,6/13/2026,79,54850.31,64883.06,54366.98,483.33,4165.15,71.0,321.61,-45.58,-3.08,2255.0,24.32,15.92,8731.69,582.43,94.17,51111.55,860.83,139.6,1000.43,1.54,7403.34,322.0,22.99,13.0,9601.35,367.0,26.16,16.85,26099.8,849.0,30.74,45.82,18006.41,717.0,25.11,31.61
P6W3,6/7/2026,6/13/2026,183,48084.62,56106.12,47645.72,438.9,3612.54,42.0,201.4,,-4.22,2039.0,23.58,16.36,7864.98,528.95,90.91,40616.32,789.76,,789.76,1.41,7888.25,337.0,23.41,13.85,8029.03,321.0,25.01,14.09,23328.62,803.0,29.05,40.95,13729.01,578.0,23.75,24.1
P6W3,6/7/2026,6/13/2026,205,62829.28,74123.52,62167.75,661.53,4826.04,,,,-3.99,2832.0,22.19,13.08,8220.49,536.49,109.0,55175.19,497.37,17.45,514.82,0.69,10476.77,424.0,24.71,18.39,11143.73,470.0,23.71,19.56,25997.58,1008.0,25.79,45.64,22374.33,930.0,24.06,39.28
P6W3,6/7/2026,6/13/2026,346,33193.95,38876.65,32872.3,321.65,2512.23,22.0,81.63,,3.76,1299.0,25.55,14.9,4947.37,326.74,101.55,29648.14,443.16,13.96,457.12,1.18,4382.21,181.0,24.21,7.69,5891.23,209.0,28.19,10.34,16626.79,545.0,30.51,29.19,9808.07,364.0,26.95,17.22
P6W3,6/7/2026,6/13/2026,420,28777.12,34340.21,28423.55,353.57,2210.99,37.0,126.41,,-8.48,1218.0,23.63,19.48,5604.88,370.62,77.62,26813.9,433.13,43.9,477.03,1.39,5667.09,222.0,25.53,9.95,4197.71,172.0,24.41,7.37,12152.54,438.0,27.75,21.33,10258.73,386.0,26.58,18.01
P6W3,6/7/2026,6/13/2026,871,51334.49,60445.14,50612.51,721.98,3890.0,78.0,348.54,,0.48,2076.0,24.73,11.97,6146.45,417.64,114.74,46938.01,716.54,22.14,738.68,1.22,9035.49,367.0,24.62,15.86,9300.03,364.0,25.55,16.33,23848.69,765.0,31.17,41.86,14781.9,580.0,25.49,25.95
P6W3,6/7/2026,6/13/2026,883,43880.03,51868.28,43297.92,582.11,3340.77,49.0,224.34,-2.13,11.69,1795.0,24.45,16.7,7326.41,459.09,91.28,38491.05,585.7,78.74,664.44,1.28,6741.54,264.0,25.54,11.83,7413.5,299.0,24.79,13.01,18859.79,639.0,29.51,33.11,15798.64,593.0,26.64,27.73
P6W3,6/7/2026,6/13/2026,1096,49146.55,58250.58,48607.39,539.16,3726.78,115.0,616.14,,-7.34,2118.0,23.2,12.95,6365.06,441.44,111.33,43746.87,785.55,6.98,792.53,1.36,6951.08,266.0,26.13,12.2,8616.76,336.0,25.65,15.13,22540.46,830.0,27.16,39.57,16421.32,686.0,23.94,28.83
P6W3,6/7/2026,6/13/2026,1167,42886.45,50194.17,42405.24,481.21,3221.81,37.0,217.01,,212.34,1707.0,25.12,15.52,6655.1,448.53,95.62,38923.51,760.22,52.35,812.57,1.62,6314.85,261.0,24.19,11.09,8242.95,305.0,27.03,14.47,20267.06,640.0,31.67,35.58,12556.41,501.0,25.06,22.04
P6W3,6/7/2026,6/13/2026,1252,50296.59,59347.94,49716.33,580.26,3847.58,32.0,125.71,-95.87,-3.1,2239.0,22.46,13.76,6918.56,483.45,104.04,44333.38,520.78,17.45,538.23,0.91,8109.26,360.0,22.53,14.24,9509.88,405.0,23.48,16.69,20136.42,746.0,26.99,35.35,18126.59,728.0,24.9,31.82
P6W3,6/7/2026,6/13/2026,1677,29126.7,33918.39,28836.42,290.28,2197.39,24.0,134.86,-2.13,3.4,1207.0,24.13,18.45,5373.32,352.28,82.68,24429.95,174.7,7.18,181.88,0.54,4689.49,202.0,23.22,8.23,4689.66,187.0,25.08,8.23,13990.98,460.0,30.42,24.56,8655.78,358.0,24.18,15.19
P6W3,6/7/2026,6/13/2026,1726,31752.35,37969.93,31279.7,472.65,2451.46,2.0,31.58,,1.56,1330.0,23.87,15.92,5055.76,347.69,91.32,30579.96,459.3,,459.3,1.21,5679.53,236.0,24.07,9.97,5826.31,227.0,25.67,10.23,13013.93,452.0,28.79,22.85,11355.9,415.0,27.36,19.93
P6W3,6/7/2026,6/13/2026,1771,31792.04,37020.8,31363.28,428.76,2395.07,12.0,39.21,,0.35,1377.0,23.09,17.52,5570.75,383.88,82.79,28971.18,343.35,19.15,362.5,0.98,5338.96,230.0,23.21,9.37,5588.86,232.0,24.09,9.81,15158.68,534.0,28.39,26.61,9010.68,381.0,23.65,15.82
P6W3,6/7/2026,6/13/2026,1841,39411.1,46860.49,38777.38,633.72,3039.62,31.0,131.2,,313.93,1657.0,23.78,15.53,6120.18,451.45,87.27,36089.55,256.83,3.49,260.32,0.56,8192.73,360.0,22.76,14.38,6623.61,268.0,24.71,11.63,14967.29,516.0,29.01,26.27,14228.68,513.0,27.74,24.98
P6W3,6/7/2026,6/13/2026,1847,36282.1,43010.61,35784.14,497.96,2755.3,79.0,434.62,,-15.4,1635.0,22.19,15.75,5712.8,414.09,85.89,32264.41,439.01,12.37,451.38,1.05,6285.81,270.0,23.28,11.03,6905.71,300.0,23.02,12.12,14425.13,542.0,26.61,25.32,12575.46,523.0,24.04,22.08
P6W3,6/7/2026,6/13/2026,1848,23442.1,27533.11,23119.65,322.45,1781.73,19.0,75.94,,0.72,963.0,24.34,16.41,3846.32,304.67,76.94,21828.81,211.11,6.98,218.09,0.79,5210.27,209.0,24.93,9.15,3302.15,139.0,23.76,5.8,11916.57,379.0,31.44,20.92,5616.99,236.0,23.8,9.86
P6W3,6/7/2026,6/13/2026,1864,33917.24,39930.99,33420.75,496.49,2572.1,19.0,83.42,,-5.29,1387.0,24.45,17.01,5769.55,396.51,85.54,31656.96,514.83,8.68,523.51,1.31,5775.65,240.0,24.07,10.14,6494.79,259.0,25.08,11.4,15738.63,533.0,29.53,27.63,9692.01,355.0,27.3,17.01
P6W3,6/7/2026,6/13/2026,1891,27494.83,32752.21,27152.64,342.19,2111.6,14.0,91.86,,-0.86,1061.0,25.91,20.74,5702.8,394.3,69.72,27959.37,337.27,43.58,380.85,1.16,4381.32,170.0,25.77,7.69,5186.97,205.0,25.3,9.11,14627.42,437.0,33.47,25.68,6898.42,249.0,27.7,12.11
P6W3,6/7/2026,6/13/2026,1954,45111.06,52962.9,44490.32,620.74,3430.3,18.0,121.79,,-0.17,1790.0,25.2,13.43,6058.84,439.25,102.68,42635.93,394.05,3.49,397.54,0.75,5913.74,260.0,22.75,10.38,7667.23,288.0,26.62,13.46,22145.66,704.0,31.46,38.88,14432.47,538.0,26.83,25.34
P6W3,6/7/2026,6/13/2026,1972,46111.86,55034.33,45384.6,727.26,3562.54,31.0,121.36,,2.55,1878.0,24.55,14.6,6730.69,482.34,94.38,43579.57,430.17,20.94,451.11,0.82,8057.25,310.0,25.99,14.14,7451.68,290.0,25.7,13.08,21534.95,736.0,29.26,37.8,14861.03,542.0,27.42,26.09
P6W3,6/7/2026,6/13/2026,2013,27507.63,31563.96,27090.53,417.1,1899.1,31.0,190.83,,0.83,1200.0,22.92,18.18,5001.18,372.02,73.94,21166.08,227.79,18.45,246.24,0.78,5000.64,210.0,23.81,8.78,4854.31,192.0,25.28,8.52,10265.37,384.0,26.73,18.02,9884.34,414.0,23.88,17.35
P6W3,6/7/2026,6/13/2026,2042,31882.91,37890.78,31396.29,486.62,2434.41,58.0,319.61,,5.9,1343.0,23.74,36.32,11579.87,762.49,41.81,29323.79,328.24,31.42,359.66,0.95,4273.13,186.0,22.97,7.5,5457.84,213.0,25.62,9.58,14921.28,496.0,30.08,26.19,10853.05,448.0,24.23,19.05
P6W3,6/7/2026,6/13/2026,2048,46209.27,54741.35,45745.35,463.92,3543.46,48.0,199.34,-21.49,2.33,1847.0,25.02,14.62,6756.17,464.95,99.39,45998.43,347.48,28.72,376.2,0.69,5596.87,238.0,23.52,9.82,8292.99,290.0,28.6,14.56,21670.94,701.0,30.91,38.04,16167.56,618.0,26.16,28.38
P6W3,6/7/2026,6/13/2026,2118,57168.88,67178.59,56405.95,762.93,4338.79,42.0,198.17,,3.9,2293.0,24.93,14.15,8090.21,574.33,99.52,52384.52,618.68,29.52,648.2,0.96,9314.47,371.0,25.11,16.35,9897.11,375.0,26.39,17.37,26397.84,867.0,30.45,46.34,17941.29,680.0,26.38,31.49
P6W3,6/7/2026,6/13/2026,2290,28635.75,33463.24,28341.73,294.02,2148.37,13.0,50.36,,1.21,1166.0,24.56,15.42,4414.72,302.4,92.11,26422.32,565.21,,565.21,1.69,4205.45,165.0,25.49,7.38,4676.24,182.0,25.69,8.21,14568.59,485.0,30.04,25.57,8153.7,334.0,24.41,14.31
P6W3,6/7/2026,6/13/2026,2497,38863.22,45050.25,38451.91,411.31,2721.33,13.0,53.85,,-2.74,1496.0,25.98,14.94,5805.98,401.9,96.7,37214.2,389.9,3.49,393.39,0.87,5407.21,216.0,25.03,9.49,7380.95,267.0,27.64,12.96,20039.12,633.0,31.66,35.18,9969.78,380.0,26.24,17.5
P6W3,6/7/2026,6/13/2026,2602,25607.44,30123.31,25272.43,335.01,1942.45,16.0,97.85,,0.32,1012.0,25.3,16.92,4334.02,324.89,78.82,22635.57,332.69,,332.69,1.1,3567.45,150.0,23.78,6.26,4104.88,152.0,27.01,7.21,12035.88,404.0,29.79,21.13,8595.01,306.0,28.09,15.09
P6W3,6/7/2026,6/13/2026,2627,33944.88,39855.26,33366.26,578.62,2580.64,17.0,70.32,,-0.13,1378.0,24.63,14.63,4966.65,341.7,97.84,30153.75,326.35,6.98,333.33,0.84,7275.75,284.0,25.62,12.77,5892.78,223.0,26.43,10.34,13154.97,442.0,29.76,23.09,11277.85,429.0,26.29,19.8
P6W3,6/7/2026,6/13/2026,2696,25406.87,29098.61,25080.2,326.67,1743.76,11.0,72.96,,0.5,1155.0,22.0,22.21,5643.21,383.61,66.23,19062.34,410.93,34.41,445.34,1.53,3797.26,188.0,20.2,6.67,3875.75,172.0,22.53,6.8,10501.61,397.0,26.45,18.43,9354.42,398.0,23.5,16.42
P6W3,6/7/2026,6/13/2026,2766,18788.44,22064.11,18535.96,252.48,1422.99,18.0,96.33,,2.5,818.0,22.97,23.14,4348.26,286.73,65.53,16693.76,199.24,17.45,216.69,0.98,2895.89,130.0,22.28,5.08,3241.97,136.0,23.84,5.69,7959.72,287.0,27.73,13.97,6709.9,265.0,25.32,11.78
P6W3,6/7/2026,6/13/2026,2885,23773.44,27297.64,23478.63,294.81,1647.52,8.0,48.25,,-132.17,1073.0,22.16,17.17,4081.48,309.29,76.86,18359.59,244.33,,244.33,0.9,3174.14,152.0,20.88,5.57,3939.37,163.0,24.17,6.92,9695.1,367.0,26.42,17.02,9086.5,391.0,23.24,15.95
P6W3,6/7/2026,6/13/2026,2890,37902.58,44553.79,37447.9,454.68,2862.93,47.0,215.11,,14.35,1782.0,21.27,18.25,6915.42,469.2,80.61,32505.63,527.17,36.89,564.06,1.27,6326.84,273.0,23.18,11.11,7548.56,345.0,21.88,13.25,15507.21,617.0,25.13,27.22,12652.54,547.0,23.13,22.21
P6W3,6/7/2026,6/13/2026,2893,44708.44,55423.78,44245.66,462.78,3615.81,,,,-0.5,1639.0,27.28,16.79,7506.39,477.11,92.31,56192.43,147.76,,147.76,0.27,7410.53,273.0,27.14,13.01,8512.34,246.0,34.6,14.94,21281.42,632.0,33.67,37.36,15475.36,488.0,31.71,27.17
P6W3,6/7/2026,6/13/2026,2974,30178.28,35692.91,29870.96,307.32,2150.95,17.0,67.06,,-33.17,1339.0,22.54,18.21,5495.92,383.07,78.64,29512.48,366.73,,366.73,1.03,5580.71,242.0,23.06,9.8,4219.05,187.0,22.56,7.41,14111.7,513.0,27.51,24.77,10025.37,397.0,25.25,17.6
P6W3,6/7/2026,6/13/2026,2976,27726.49,32682.55,27406.21,320.28,2103.91,38.0,228.44,,15.54,1115.0,24.87,16.31,4521.57,310.14,89.39,26706.15,275.89,10.68,286.57,0.88,4281.83,172.0,24.89,7.52,4941.54,179.0,27.61,8.67,13333.3,432.0,30.86,23.41,8243.38,332.0,24.83,14.47
P6W3,6/7/2026,6/13/2026,3013,25644.06,30162.1,25287.03,357.03,1942.97,27.0,111.93,,-1.27,1097.0,23.38,18.82,4827.49,324.2,79.06,22631.81,346.18,,346.18,1.15,4556.68,188.0,24.24,8.0,4833.84,201.0,24.05,8.49,11757.22,413.0,28.47,20.64,7413.37,295.0,25.13,13.01
P6W3,6/7/2026,6/13/2026,3200,20419.29,23753.72,20148.15,271.14,1435.87,2.0,31.08,-61.62,-103.86,890.0,22.94,18.52,3780.83,249.84,79.92,17967.48,156.07,31.41,187.48,0.79,4665.92,175.0,26.66,8.19,3345.63,153.0,21.87,5.87,8286.97,300.0,27.62,14.55,6203.17,262.0,23.68,10.89
P6W3,6/7/2026,6/13/2026,3210,22170.48,25499.0,21844.04,326.44,1628.72,10.0,48.87,,2.81,938.0,23.64,24.53,5437.96,370.54,59.83,15986.74,317.18,229.32,546.5,2.14,4017.9,162.0,24.8,7.05,3899.06,151.0,25.82,6.84,10243.4,354.0,28.94,17.98,5968.66,271.0,22.02,10.48
P6W3,6/7/2026,6/13/2026,3317,22488.15,26604.28,22233.82,254.33,1690.87,37.0,298.85,,-0.23,890.0,25.27,26.94,6058.84,387.08,58.05,19967.45,433.34,15.87,449.21,1.69,3139.87,127.0,24.72,5.51,3808.83,134.0,28.42,6.69,11624.84,373.0,31.17,20.41,6281.95,256.0,24.54,11.03
P6W3,6/7/2026,6/13/2026,4032,35290.41,41316.64,34692.87,597.54,2666.91,39.0,195.21,,3.25,1463.0,24.12,16.53,5832.34,411.62,85.51,28935.95,311.59,34.9,346.49,0.84,6936.18,274.0,25.31,12.18,6525.12,243.0,26.85,11.45,14021.93,501.0,27.99,24.61,11503.12,445.0,25.85,20.19
P6W4,6/14/2026,6/20/2026,1096,49556.73,58263.51,49030.6,526.13,3758.61,84.0,320.04,,-11.25,2007.0,24.69,13.33,6608.06,457.27,101.83,45097.66,594.77,20.95,615.72,1.06,6480.41,249.0,26.03,11.87,9272.08,341.0,27.19,16.98,22001.66,755.0,29.14,40.28,17127.78,662.0,25.87,31.36
P6W4,6/14/2026,6/20/2026,1167,42242.89,49123.89,41747.97,494.92,3162.34,22.0,121.39,-97.34,-48.03,1664.0,25.39,16.04,6775.25,458.17,92.2,37100.21,682.31,61.32,743.63,1.51,6057.23,243.0,24.93,11.09,8424.34,317.0,26.58,15.42,20028.65,635.0,31.54,36.67,11862.97,469.0,25.29,21.72
P6W4,6/14/2026,6/20/2026,1252,47912.28,56260.8,47317.82,594.46,3642.8,40.0,204.03,,-1.35,2169.0,22.09,14.93,7152.65,497.69,96.27,39853.31,475.7,26.42,502.12,0.89,7898.08,366.0,21.58,14.46,8584.8,374.0,22.95,15.72,20090.52,756.0,26.57,36.78,16352.12,673.0,24.3,29.94
P6W4,6/14/2026,6/20/2026,1677,29129.95,33903.58,28773.61,356.34,2191.19,18.0,74.12,,1.1,1179.0,24.71,17.57,5117.21,334.96,86.97,24670.58,324.32,3.59,327.91,0.97,5387.05,211.0,25.53,9.86,5424.23,192.0,28.25,9.93,13647.32,458.0,29.8,24.99,7637.87,318.0,24.02,13.98
P6W4,6/14/2026,6/20/2026,1726,32733.74,39245.82,32248.16,485.58,2517.06,20.0,134.18,,2.92,1364.0,24.0,16.66,5454.94,373.36,87.67,30674.79,628.89,3.69,632.58,1.61,5721.72,244.0,23.45,10.48,5641.16,217.0,26.0,10.33,13575.68,470.0,28.88,24.86,12064.62,433.0,27.86,22.09
P6W4,6/14/2026,6/20/2026,1771,33745.62,38949.87,33248.64,496.98,2528.52,3.0,11.37,,1.92,1307.0,25.82,16.66,5621.62,392.65,85.92,29938.89,265.17,17.45,282.62,0.73,5098.82,216.0,23.61,9.34,6388.13,224.0,28.52,11.7,16422.69,514.0,31.95,30.07,9273.58,353.0,26.27,16.98
P6W4,6/14/2026,6/20/2026,183,47944.62,55734.57,47492.73,451.89,3588.37,54.0,275.58,,-282.01,1970.0,24.34,15.62,7487.96,505.61,91.09,39585.99,717.24,,717.24,1.29,9261.05,345.0,26.84,16.96,8724.97,336.0,25.97,15.98,19639.76,704.0,27.9,35.96,14943.39,585.0,25.54,27.36
P6W4,6/14/2026,6/20/2026,1841,45778.18,54433.23,45019.96,758.22,3531.15,30.0,110.31,,-3.74,1845.0,24.81,13.66,6251.42,451.94,101.27,42437.69,332.09,6.98,339.07,0.62,7560.92,328.0,23.05,13.84,5637.37,222.0,25.39,10.32,18236.36,593.0,30.75,33.39,19805.21,702.0,28.21,36.26
P6W4,6/14/2026,6/20/2026,1847,38282.25,44898.47,37845.69,436.56,2891.2,68.0,297.45,,-11.81,1674.0,22.87,15.72,6019.14,411.34,84.84,32805.83,389.18,10.77,399.95,0.89,6747.0,303.0,22.27,12.35,7060.89,281.0,25.13,12.93,15996.98,593.0,26.98,29.29,12306.44,497.0,24.76,22.53
P6W4,6/14/2026,6/20/2026,1848,20687.78,24157.16,20397.34,290.44,1564.29,4.0,14.69,,0.23,857.0,24.14,18.75,3878.87,306.31,67.54,18723.64,191.66,34.9,226.56,0.94,3564.92,146.0,24.42,6.53,3345.22,128.0,26.13,6.12,10116.75,347.0,29.15,18.52,6002.33,236.0,25.43,10.99
P6W4,6/14/2026,6/20/2026,1864,33468.35,39414.39,32804.32,664.03,2521.22,25.0,152.33,,-1.24,1335.0,25.07,17.47,5848.5,400.41,83.59,29806.26,691.33,20.94,712.27,1.81,5404.92,218.0,24.79,9.9,6362.34,242.0,26.29,11.65,16332.15,531.0,30.76,29.9,9156.66,344.0,26.62,16.77
P6W4,6/14/2026,6/20/2026,1891,29204.41,34637.55,28689.86,514.55,2238.98,16.0,71.13,-19.24,0.52,1118.0,26.12,19.98,5835.74,405.26,72.05,29892.74,271.85,69.8,341.65,0.99,3918.37,146.0,26.84,7.17,6328.88,220.0,28.77,11.59,14437.09,441.0,32.74,26.43,8173.34,311.0,26.28,14.97
P6W4,6/14/2026,6/20/2026,1954,44952.51,52596.88,44205.39,747.12,3411.29,14.0,53.13,,16.22,1743.0,25.79,14.3,6427.78,468.1,96.02,42515.12,373.3,15.95,389.25,0.74,5998.68,224.0,26.78,10.98,8267.58,302.0,27.38,15.14,21596.3,701.0,30.81,39.54,14129.25,516.0,27.38,25.87
P6W4,6/14/2026,6/20/2026,1972,45652.71,54654.1,44864.08,788.63,3529.19,56.0,250.87,,-0.25,1801.0,25.35,15.22,6947.98,508.55,89.77,43679.5,447.92,6.98,454.9,0.83,7644.78,279.0,27.4,14.0,8286.36,305.0,27.17,15.17,21220.33,701.0,30.27,38.85,14292.12,516.0,27.7,26.17
P6W4,6/14/2026,6/20/2026,2013,29142.2,33934.61,28633.02,509.18,2036.97,71.0,289.01,,0.23,1289.0,22.61,16.8,4896.57,368.41,79.1,23705.78,253.92,7.38,261.3,0.77,5001.65,207.0,24.16,9.16,4982.46,198.0,25.16,9.12,12287.61,459.0,26.77,22.5,9748.56,425.0,22.94,17.85
P6W4,6/14/2026,6/20/2026,2042,34629.64,40856.34,34071.45,558.19,2637.82,33.0,160.29,-43.0,-0.01,1406.0,24.63,31.32,10847.55,716.82,48.31,31432.69,346.49,27.92,374.41,0.92,5075.24,198.0,25.63,9.29,6074.6,218.0,27.87,11.12,14426.94,508.0,28.4,26.42,12963.73,482.0,26.9,23.74
P6W4,6/14/2026,6/20/2026,2048,43353.97,51276.06,42876.46,477.51,3314.44,60.0,260.17,-155.23,3.04,1772.0,24.47,16.55,7176.07,497.09,87.22,43258.37,317.7,32.31,350.01,0.68,6004.57,255.0,23.55,10.99,7857.53,301.0,26.1,14.39,20815.47,682.0,30.52,38.11,13746.13,534.0,25.74,25.17
P6W4,6/14/2026,6/20/2026,205,58516.0,69168.32,57888.34,627.66,4498.48,1.0,17.48,,9.16,2624.0,22.3,14.21,8315.61,544.45,100.12,53470.53,516.55,17.45,534.0,0.77,9200.3,377.0,24.4,16.85,11242.79,445.0,25.26,20.59,23692.51,906.0,26.15,43.38,21385.23,896.0,23.87,39.16
P6W4,6/14/2026,6/20/2026,2118,56396.38,66308.22,55501.72,894.66,4282.51,38.0,184.19,,-1.64,2194.0,25.7,13.97,7876.34,559.01,100.86,54579.37,638.95,18.45,657.4,0.99,8981.14,353.0,25.44,16.44,10727.1,389.0,27.58,19.64,26105.07,818.0,31.91,47.8,17243.63,634.0,27.2,31.57
P6W4,6/14/2026,6/20/2026,2290,26827.2,31471.84,26571.29,255.91,2016.51,25.0,147.12,,-0.5,1106.0,24.26,17.17,4605.34,316.26,82.52,25225.88,479.72,10.47,490.19,1.56,3513.32,153.0,22.96,6.43,5313.48,207.0,25.67,9.73,12477.75,420.0,29.71,22.85,8364.08,326.0,25.66,15.31
P6W4,6/14/2026,6/20/2026,2497,36518.03,42459.73,36055.92,462.11,2559.51,34.0,204.25,,-35.92,1451.0,25.17,15.8,5770.37,397.89,91.78,33635.83,302.47,1.99,304.46,0.72,5447.49,215.0,25.34,9.97,7085.84,250.0,28.34,12.97,17482.27,574.0,30.46,32.01,10357.13,412.0,25.14,18.96
P6W4,6/14/2026,6/20/2026,2602,27689.36,32359.98,27324.71,364.65,2093.23,22.0,113.63,,9.1,1031.0,26.86,15.83,4383.71,318.83,86.85,24697.38,246.81,,246.81,0.76,4901.62,158.0,31.02,8.97,4165.64,156.0,26.7,7.63,13906.0,440.0,31.6,25.46,7517.22,277.0,27.14,13.76
P6W4,6/14/2026,6/20/2026,2627,29043.51,34133.96,28540.33,503.18,2206.74,14.0,61.83,,-1.17,1196.0,24.28,16.81,4883.14,343.62,84.52,25895.04,308.9,24.43,333.33,0.98,5569.96,201.0,27.71,10.2,5278.69,209.0,25.26,9.67,12158.01,433.0,28.08,22.26,9122.73,353.0,25.84,16.7
P6W4,6/14/2026,6/20/2026,2696,23670.43,27352.51,23443.84,226.59,1634.56,22.0,131.48,,-15.05,1073.0,22.06,24.43,5783.57,393.42,60.17,18524.19,377.29,55.77,433.06,1.58,3563.29,169.0,21.08,6.52,3603.1,155.0,23.25,6.6,10412.99,385.0,27.05,19.07,8327.94,364.0,22.88,15.25
P6W4,6/14/2026,6/20/2026,2766,18950.14,22348.86,18691.88,258.26,1438.17,15.0,59.07,,-1.03,781.0,24.26,22.71,4303.97,283.17,66.92,16636.91,283.12,20.94,304.06,1.36,2408.07,100.0,24.08,4.41,4049.57,142.0,28.52,7.41,9019.53,303.0,29.77,16.51,5701.84,236.0,24.16,10.44
P6W4,6/14/2026,6/20/2026,2885,23238.85,26878.13,22954.73,284.12,1621.27,30.0,114.91,,-55.8,1084.0,21.44,19.27,4477.85,335.26,69.32,18715.27,186.46,,186.46,0.69,3651.88,166.0,22.0,6.69,4012.71,180.0,22.29,7.35,9593.38,377.0,25.45,17.57,8191.27,361.0,22.69,15.0
P6W4,6/14/2026,6/20/2026,2890,38179.01,44843.38,37671.11,507.9,2875.01,74.0,324.65,,1.18,1752.0,21.79,17.92,6841.07,498.18,72.19,33164.97,533.01,28.41,561.42,1.25,6977.21,293.0,23.81,12.78,7689.51,311.0,24.73,14.08,14721.47,585.0,25.16,26.95,12961.57,563.0,23.02,23.73
P6W4,6/14/2026,6/20/2026,2893,47133.28,58455.16,46529.08,604.2,3810.99,,,,-0.5,1734.0,27.18,17.76,8369.6,496.47,89.07,59450.24,196.95,,196.95,0.34,8313.48,284.0,29.27,15.22,9019.38,283.0,31.87,16.51,19844.11,602.0,32.96,36.33,18630.51,565.0,32.97,34.11
P6W4,6/14/2026,6/20/2026,2974,28831.88,34122.33,28443.17,388.71,2059.38,25.0,104.93,,-35.78,1221.0,23.61,16.2,4670.58,323.61,88.79,28770.3,263.47,,263.47,0.77,5379.78,237.0,22.7,9.85,5168.2,200.0,25.84,9.46,13665.63,461.0,29.64,25.02,8193.85,323.0,25.37,15.0
P6W4,6/14/2026,6/20/2026,2976,26089.76,30726.53,25823.48,266.28,1980.75,30.0,135.68,,4.8,1016.0,25.68,19.02,4961.32,324.24,78.13,25301.58,304.34,,304.34,0.99,3902.26,153.0,25.5,7.14,5045.86,178.0,28.35,9.24,12785.27,403.0,31.73,23.41,7288.55,282.0,25.85,13.35
P6W4,6/14/2026,6/20/2026,3013,24982.13,28968.43,24594.11,388.02,1877.06,17.0,60.95,-18.5,-0.07,1056.0,23.66,17.47,4365.46,290.74,85.78,21084.66,208.07,,208.07,0.72,4537.31,207.0,21.92,8.31,4685.95,178.0,26.33,8.58,11024.86,385.0,28.64,20.19,7323.26,286.0,25.61,13.41
P6W4,6/14/2026,6/20/2026,3200,19171.76,22206.51,18899.96,271.8,1335.51,11.0,45.05,,114.7,869.0,22.06,19.63,3763.98,253.11,75.74,15888.44,200.83,72.68,273.51,1.23,3535.21,171.0,20.67,6.47,3621.6,153.0,23.67,6.63,8388.8,297.0,28.25,15.36,5499.42,248.0,22.18,10.07
P6W4,6/14/2026,6/20/2026,3210,21949.59,25591.04,21631.07,318.52,1623.5,18.0,171.71,-18.38,0.3,956.0,22.96,23.71,5204.4,351.25,62.49,15965.48,364.77,231.25,596.02,2.33,3131.18,129.0,24.27,5.73,4039.17,159.0,25.4,7.4,10191.48,363.0,28.08,18.66,6821.34,305.0,22.37,12.49
P6W4,6/14/2026,6/20/2026,3317,21246.44,25127.51,20959.62,286.82,1608.07,24.0,79.25,,-21.67,839.0,25.32,31.67,6728.88,430.03,49.41,19666.11,416.01,47.0,463.01,1.84,3596.15,142.0,25.33,6.58,4061.81,150.0,27.08,7.44,10317.09,317.0,32.55,18.89,5852.36,230.0,25.45,10.72
P6W4,6/14/2026,6/20/2026,346,31673.72,36899.24,31338.28,335.44,2384.4,21.0,120.58,,-0.1,1251.0,25.32,14.91,4723.99,315.73,87.19,28351.92,387.73,3.49,391.22,1.06,4925.84,199.0,24.75,9.02,5605.91,205.0,27.35,10.26,15211.44,499.0,30.48,27.85,9032.01,348.0,25.95,16.54
P6W4,6/14/2026,6/20/2026,4032,34202.27,39581.71,33616.88,585.39,2562.71,28.0,125.42,,5.54,1399.0,24.45,16.56,5663.37,399.83,85.54,25774.53,244.78,31.41,276.19,0.7,6993.54,311.0,22.49,12.8,5706.18,220.0,25.94,10.45,14353.16,476.0,30.15,26.28,10418.27,392.0,26.58,19.08
P6W4,6/14/2026,6/20/2026,420,32243.11,38459.47,31844.56,398.55,2479.65,19.0,93.58,,-11.81,1347.0,23.94,17.16,5532.5,368.02,87.58,30637.95,449.47,82.48,531.95,1.38,5647.81,222.0,25.44,10.34,5878.48,213.0,27.6,10.76,14818.01,523.0,28.33,27.13,9979.59,389.0,25.65,18.27
P6W4,6/14/2026,6/20/2026,79,52935.62,61956.17,52421.35,514.27,3980.04,69.0,337.4,-26.51,-5.3,2190.0,24.17,16.03,8483.51,564.91,93.71,47231.19,737.09,148.81,885.9,1.43,6978.18,313.0,22.29,12.78,9479.86,365.0,25.97,17.36,24448.88,826.0,29.6,44.76,17578.93,686.0,25.63,32.19
P6W4,6/14/2026,6/20/2026,871,49507.92,57727.2,48757.17,750.75,3725.63,36.0,147.25,,29.01,1983.0,24.97,12.25,6066.22,407.81,120.62,44223.95,733.9,,733.9,1.27,8916.83,347.0,25.7,16.33,10309.64,380.0,27.13,18.88,21168.15,699.0,30.28,38.76,14221.47,557.0,25.53,26.04
P6W4,6/14/2026,6/20/2026,883,48249.91,57433.03,47550.34,699.57,3689.91,31.0,174.0,-54.01,166.35,1782.0,27.08,13.61,6565.98,439.49,109.52,44095.24,879.3,62.01,941.31,1.64,7708.1,266.0,28.98,14.11,7447.62,286.0,26.04,13.64,17629.87,607.0,29.04,32.28,21632.95,623.0,34.72,39.61
